11:19,12.06,12.15,11.90,12.05,10377
05/12/2015,12.17,12.4632,12.02,12.02,15589
05/11/2015,12.46,12.67,12.16,12.195,18311
05/08/2015,12.66,12.66,12.31,12.37,13582
05/07/2015,12.71,12.775,12.55,12.6,15493
05/06/2015,12.41,12.84,12.41,12.57,4670
05/05/2015,12.6,12.89,12.41,12.41,9888
05/04/2015,12.32,12.6,12.32,12.59,14279
05/01/2015,12.29,12.5,12.13,12.39,11052
04/30/2015,12.24,12.36,12.17,12.25,17818
04/29/2015,12.09,12.258,12.0897,12.2395,13011
04/28/2015,12.11,12.2,12.06,12.12,7847
04/27/2015,12.3,12.34,12.12,12.12,11637
04/24/2015,12.36,12.36,12.156,12.18,10245
04/23/2015,12.29,12.49,12.13,12.33,9054
04/22/2015,12.13,12.5,12.13,12.46,9861
04/21/2015,12.27,12.47,12.13,12.19,14525
04/20/2015,12.56,12.76,12.26,12.311,19528
04/17/2015,12.6,12.74,12.3501,12.74,21404
04/16/2015,12.5499,12.8373,12.0301,12.8,30448
04/15/2015,12.95,12.95,12.36,12.57,40157
04/14/2015,12.69,12.96,12.58,12.96,29350
04/13/2015,13.52,13.6,12.5,12.7,29751
04/10/2015,13.38,13.5883,13.31,13.35,5954
04/09/2015,13.35,13.69,13.34,13.35,5832
04/08/2015,13.41,13.71,13.4,13.4,8900
04/07/2015,13.6468,13.6999,13.41,13.45,11326
04/06/2015,13.38,13.7,13.3001,13.5,13941
04/02/2015,13.7995,13.8499,13.36,13.47,18961
04/01/2015,13.58,13.9499,13.5,13.62,9248
03/31/2015,13.34,13.95,13.34,13.78,10210
03/30/2015,13.89,13.9,13.65,13.82,3648
03/27/2015,13.871,14.04,13.871,13.91,5069
03/26/2015,14.05,14.14,13.95,13.96,5654
03/25/2015,14.305,14.305,14.14,14.2399,8199
03/24/2015,14.18,14.35,14.13,14.3,12355
03/23/2015,14.13,14.25,14.06,14.12,7590
03/20/2015,14.0716,14.29,13.9701,14.05,16041
03/19/2015,13.89,14.15,13.89,13.97,6206
03/18/2015,14.15,14.23,13.68,13.86,11221
03/17/2015,13.78,14.15,13.78,14.1,4674
03/16/2015,13.89,14.285,13.76,13.81,13142
03/13/2015,13.72,13.8299,13.6,13.82,6048
03/12/2015,13.5501,13.75,13.0501,13.75,16396
03/11/2015,13.83,13.86,13.33,13.76,37438
03/10/2015,14.01,14.26,13.584,13.92,9334
03/09/2015,14.53,14.69,14.1,14.17,12060
03/06/2015,14.88,14.88,14.59,14.61,8581
03/05/2015,14.86,14.96,14.77,14.88,44580
03/04/2015,14.85,14.87,14.75,14.8,6178
03/03/2015,14.72,14.85,14.61,14.85,9480
03/02/2015,14.31,14.87,14.31,14.8,14136
02/27/2015,14.36,14.42,14.27,14.28,8120
02/26/2015,14.35,14.47,14.26,14.41,12521
02/25/2015,14.4201,14.4201,14.18,14.3899,5244
02/24/2015,14.41,14.61,14.41,14.5,8373
02/23/2015,14.53,14.7481,14.36,14.44,14657
02/20/2015,14.68,14.68,14.53,14.53,3396
02/19/2015,14.75,14.8301,14.61,14.69,8667
02/18/2015,14.805,14.8576,14.65,14.66,7654
02/17/2015,14.81,14.9,14.49,14.88,10315
02/13/2015,14.85,14.85,14.36,14.68,13015
02/12/2015,13.63,15.0099,13.6,14.94,71136
02/11/2015,13.3,13.36,13,13.05,11267
02/10/2015,13.75,13.75,13.05,13.18,24599
02/09/2015,13.86,14.39,13.665,13.76,10128
02/06/2015,14.09,14.09,13.65,13.9,26318
02/05/2015,14.15,14.445,14.04,14.15,7556
02/04/2015,13.9,14.46,13.82,14.08,17143
02/03/2015,14.06,14.06,13.9,13.93,6069
02/02/2015,14,14.23,13.9,14.23,6266
01/30/2015,14.22,14.47,14.04,14.04,9437
01/29/2015,14.4,14.4,13.9101,14.22,7373
01/28/2015,14.04,14.39,13.85,14.37,9827
01/27/2015,14.02,14.05,13.611,13.865,20448
01/26/2015,14.37,14.42,14.05,14.181,11480
01/23/2015,14.41,14.63,14.356,14.435,3747
01/22/2015,14.74,14.74,14.03,14.41,7956
01/21/2015,14.85,14.85,14.5301,14.83,3646
01/20/2015,14.88,15.05,14.646,14.84,12997
01/16/2015,13.75,14.85,13.71,14.73,21481
01/15/2015,13.82,13.97,13.6001,13.82,20569
01/14/2015,14.8,14.98,13.67,14,34046
01/13/2015,15.46,15.78,14.75,14.99,20939
01/12/2015,16.48,16.48,15.24,15.36,47435
01/09/2015,15.38,17,15.22,16.48,70667
01/08/2015,15.05,15.3,14.9,15.2,34663
01/07/2015,14.81,15.1,14.8,15.06,53754
01/06/2015,14.58,14.92,14.58,14.92,7741
01/05/2015,14.58,14.8723,14.41,14.75,13516
01/02/2015,14.26,14.8657,14.26,14.56,14810
12/31/2014,14.31,14.5,14.23,14.39,13280
12/30/2014,14.9,14.9,14.21,14.28,9702
12/29/2014,14.2,14.95,14.05,14.94,18869
12/26/2014,14.8,14.8476,14.21,14.22,12108
12/24/2014,14.92,14.94,14.8,14.81,7921
12/23/2014,14.9,15,14.76,14.9,18533
12/22/2014,15,15,14.72,14.9699,23931
12/19/2014,15.07,15.18,14.86,14.86,23152
12/18/2014,15.2,15.2,14.73,15,26146
12/17/2014,15.02,15.1,14.61,15.1,27734
12/16/2014,14.96,15.17,14.72,14.975,49956
12/15/2014,14.52,14.985,14.52,14.71,24058
12/12/2014,14.45,14.8699,14.29,14.53,13122
12/11/2014,14.71,14.96,14.6118,14.66,8727
12/10/2014,14.73,14.98,14.44,14.44,17994
12/09/2014,14.22,14.89,14.22,14.85,20420
12/08/2014,14.89,14.89,14.2,14.43,19066
12/05/2014,14.14,14.95,14.06,14.89,36156
12/04/2014,14.62,14.87,14.11,14.19,42997
12/03/2014,14.3,14.75,14.101,14.74,39711
12/02/2014,13.81,14.35,13.48,14.1,35781
12/01/2014,14.3,14.32,13.5001,13.78,33634
11/28/2014,14.53,14.67,14.18,14.33,14413
11/26/2014,14.572,14.67,14.31,14.575,8554
11/25/2014,14.47,14.98,14.4192,14.6,71440
11/24/2014,14.68,14.8345,14.1101,14.69,27318
11/21/2014,14.57,14.85,14.33,14.6,27137
11/20/2014,14.05,14.68,13.84,14.37,42771
11/19/2014,13.5,14.48,13.3801,14.38,59042
11/18/2014,13.4,13.6,12.928,13.46,47450
11/17/2014,12.34,13.4,12.34,13.24,104600
11/14/2014,11.44,11.95,11.44,11.67,19679
11/13/2014,11.38,11.71,11.0265,11.31,21085
11/12/2014,10.8,11.88,10.8,11.53,35929
11/11/2014,11.24,11.39,10.9,11.06,17128
11/10/2014,10.8,11.55,10.56,11.3,56906
11/07/2014,11.15,11.39,10.83,10.83,24778
11/06/2014,11,11.2,10.564,11.15,13891
11/05/2014,11.25,11.4,10.905,11,74069
11/04/2014,10.55,10.75,10.5,10.53,10237
11/03/2014,11.1,11.23,10.38,10.38,21785
10/31/2014,11.21,11.2499,11.01,11.2499,7556
10/30/2014,10.98,11.29,10.9001,11.24,6417
10/29/2014,11.31,11.31,10.8201,11,13772
10/28/2014,11.42,11.664,11.21,11.32,15266
10/27/2014,11.11,11.55,11.09,11.29,5742
10/24/2014,11.03,11.1,10.81,11.1,9413
10/23/2014,11.46,11.57,10.988,11.08,14098
10/22/2014,11.52,11.84,11.2701,11.2701,21077
10/21/2014,11.26,11.5,10.88,11.4,17533
10/20/2014,11.1,11.37,11.1,11.33,4963
10/17/2014,10.85,11.669,10.814,11.17,17246
10/16/2014,10.4,11.37,10.4,10.63,40024
10/15/2014,10.36,10.93,10.1014,10.27,37997
10/14/2014,10.61,11.05,10.231,10.26,22891
10/13/2014,11.15,11.2,10.59,10.62,18329
10/10/2014,11.56,11.56,11.11,11.11,19970
10/09/2014,11.66,12.4,11.58,11.679,25841
10/08/2014,11.55,11.7399,11.55,11.642,5897
10/07/2014,11.5,11.64,11.5,11.53,4856
10/06/2014,11.55,11.75,11.48,11.54,8133
10/03/2014,11.8,11.8,11.48,11.642,13551
10/02/2014,11.81,11.816,11.65,11.73,14527
10/01/2014,12.76,12.921,11.61,11.78,44753
09/30/2014,13.12,13.24,12.76,12.94,11336
09/29/2014,13.11,13.25,13.07,13.18,3838
09/26/2014,13.2,13.25,13.05,13.1801,13896
09/25/2014,13.28,13.475,13.05,13.1,15363
09/24/2014,13.21,13.455,13.1227,13.39,18671
09/23/2014,13.19,13.24,13.03,13.21,11776
09/22/2014,13.07,13.42,13.07,13.145,16025
09/19/2014,13.85,13.91,13.07,13.07,12030
09/18/2014,13.47,13.75,13.08,13.69,9500
09/17/2014,13.36,13.5,13.24,13.38,4671
09/16/2014,13.38,13.38,13.29,13.37,8657
09/15/2014,13.43,13.52,13.24,13.36,11068
09/12/2014,13.12,13.56,13.04,13.42,16841
09/11/2014,13.53,13.53,13,13.24,17390
09/10/2014,13.42,13.61,13.15,13.5,21129
09/09/2014,13.92,13.975,13.35,13.52,44878
09/08/2014,13.62,13.95,13.62,13.8622,12374
09/05/2014,13.5,13.76,13.5,13.65,10892
09/04/2014,13.66,13.75,13.55,13.65,12769
09/03/2014,13.73,13.74,13.53,13.56,18852
09/02/2014,13.49,13.7,13.25,13.6,26534
08/29/2014,13.71,13.74,13.32,13.51,12192
08/28/2014,13.69,13.727,13.53,13.72,17359
08/27/2014,14.14,14.2,13.59,13.7899,21006
08/26/2014,14.38,14.6,14.08,14.11,23214
08/25/2014,14.58,14.69,14.39,14.47,11823
08/22/2014,15.04,15.04,14.51,14.51,14540
08/21/2014,15,15.14,14.88,14.99,50506
08/20/2014,14.5,15,14.26,14.95,50742
08/19/2014,14.05,14.3999,14.05,14.29,30446
08/18/2014,14.22,14.3376,14.0001,14.0401,51206
08/15/2014,12.64,14.24,12.64,14.1344,73992
08/14/2014,13.2899,13.2899,12.5595,12.64,18254
08/13/2014,13.34,13.34,13.15,13.18,4109
08/12/2014,13.3,13.34,13.22,13.29,6467
08/11/2014,13.18,13.33,13.16,13.29,10718
08/08/2014,13.42,13.42,13.16,13.16,9375
08/07/2014,13.12,13.41,13.12,13.36,13284
08/06/2014,12.95,13.13,12.95,13.01,11919
08/05/2014,12.94,13.05,12.93,12.93,9673
08/04/2014,13.25,13.25,12.855,13.074,10141
08/01/2014,13.02,13.32,13.01,13.12,7399
07/31/2014,12.79,13.085,12.79,13.01,25927
07/30/2014,13.53,13.53,12.8,12.9401,22244
07/29/2014,13.51,13.69,12.84,13.34,27466
07/28/2014,13.4,13.8299,13.11,13.63,14393
07/25/2014,13.12,13.48,13.1,13.48,4432
07/24/2014,13.4,13.59,13.11,13.12,17080
07/23/2014,13.92,13.92,13.25,13.36,32013
07/22/2014,13.58,13.87,13.41,13.87,49508
07/21/2014,13.39,13.75,13.3199,13.58,36150
07/18/2014,12.86,13.3,12.86,13.3,33358
07/17/2014,12.62,12.931,12.42,12.8,33366
07/16/2014,12.43,12.75,12.43,12.65,9828
07/15/2014,12.31,12.46,12.31,12.38,9831
07/14/2014,12.3,12.38,12.2401,12.27,4600
07/11/2014,12.02,12.29,12.02,12.22,6766
07/10/2014,11.91,12.17,11.82,12.02,18195
07/09/2014,11.88,12.19,11.81,12.13,9679
07/08/2014,11.98,12.1,11.71,11.76,14270
07/07/2014,12.2,12.22,12.01,12.02,12715
07/03/2014,12.13,12.38,12.0168,12.24,5949
07/02/2014,12.27,12.38,12.14,12.16,9763
07/01/2014,12.248,12.34,12.15,12.26,4256
06/30/2014,12.19,12.35,12.0001,12.11,9068
06/27/2014,12.13,12.3499,11.84,12.15,11919
06/26/2014,12.13,12.2,11.93,12.1201,9408
06/25/2014,12.08,12.15,11.9517,12.09,14923
06/24/2014,12.13,12.2,12.0268,12.15,14860
06/23/2014,11.95,12.17,11.851,12.11,13232
06/20/2014,12.06,12.16,11.88,11.96,11682
06/19/2014,11.9,12,11.7,11.98,23843
06/18/2014,12.41,12.5,11.75,11.91,43769
06/17/2014,12.61,12.61,12.36,12.4201,8217
06/16/2014,12.1928,12.77,12.1928,12.5,14083
06/13/2014,12.15,12.51,12,12.28,6237
06/12/2014,12.28,12.586,12.068,12.11,8578
06/11/2014,12,12.68,12,12.5,13301
06/10/2014,11.96,12.27,11.96,12.08,24562
06/09/2014,12.89,13.247,12.3,12.34,44776
06/06/2014,12.4,12.867,12.29,12.608,21082
06/05/2014,11.72,12.99,11.72,12.35,32237
06/04/2014,11.47,11.85,11.4601,11.63,26956
06/03/2014,12.27,12.293,11.5103,11.6,46648
06/02/2014,12.99,12.99,12.31,12.351,28621
05/30/2014,12.42,12.8,12.42,12.71,10436
05/29/2014,12.56,12.8,12.34,12.54,22142
05/28/2014,12.44,12.79,12.251,12.64,17058
05/27/2014,12.8,12.8,12.35,12.37,12386
05/23/2014,12.35,12.68,12.25,12.68,23802
05/22/2014,12.04,12.38,11.9,12.25,40345
05/21/2014,11.65,12.25,11.65,12.03,16083
05/20/2014,11.6065,11.73,11.4624,11.5,12918
05/19/2014,11.35,11.5983,11.32,11.55,18725
05/16/2014,11.95,12.31,11.03,11.31,43230
05/15/2014,11.901,12.0501,11.56,11.9,33260
05/14/2014,12.25,12.7,12.15,12.31,11269
05/13/2014,12.27,12.28,11.75,12.11,15775
05/12/2014,11.75,12.4,11.56,12.15,20618
05/09/2014,11.77,11.77,11.43,11.62,14814
05/08/2014,12.2624,12.54,11.5752,11.71,61609
05/07/2014,12.42,12.7,12.21,12.28,19510
05/06/2014,12.97,13.169,12.04,12.06,30841
05/05/2014,12.83,12.9999,12.6504,12.9,9100
05/02/2014,12.93,13.3299,12.7601,12.87,26841
05/01/2014,13.39,13.39,12.67,12.83,30787
04/30/2014,13.93,13.93,13.28,13.35,21549
04/29/2014,13.84,14,13.84,13.95,11527
04/28/2014,14.25,14.38,13.43,13.73,19816
04/25/2014,13.64,14.35,13.64,14.14,17151
04/24/2014,14.75,14.75,13.75,13.83,20405
04/23/2014,14.74,14.8476,14.41,14.62,19448
04/22/2014,14.72,14.84,14.5,14.76,18955
04/21/2014,14.86,14.86,14.43,14.62,14577
04/17/2014,14.65,15.0679,14.0204,14.76,38713
04/16/2014,13.71,15.4,13.7,14.515,75041
04/15/2014,13.248,13.55,12.75,13.39,32321
04/14/2014,13.08,13.449,12.9001,13.16,35015
04/11/2014,12.98,13.01,12.7,12.76,29451
04/10/2014,13.82,14.06,12.67,12.98,47022
04/09/2014,13.56,13.95,13.52,13.77,52851
04/08/2014,14.3622,14.3622,13.3321,13.48,37161
04/07/2014,14.38,14.8,13.9441,14.14,28884
04/04/2014,14.84,15.5896,14.18,14.73,109737
04/03/2014,14.91,15.02,14.6,14.81,15829
04/02/2014,14.08,14.95,14.08,14.85,20288
04/01/2014,13.98,14.21,13.8375,14.11,41072
03/31/2014,13.72,14,13.671,13.97,16686
03/28/2014,14.05,14.1,13.57,13.66,31046
03/27/2014,13.82,14.29,13.82,14.055,14024
03/26/2014,14.04,14.4655,13.76,13.76,15253
03/25/2014,14.15,14.3326,13.801,14.01,18232
03/24/2014,14.9,14.94,14,14.11,25543
03/21/2014,15.05,15.06,14.82,14.85,19501
03/20/2014,14.86,15.03,14.7701,15,30859
03/19/2014,15,15.15,14.8,14.87,16781
03/18/2014,14.75,15,14.52,14.97,31545
03/17/2014,14.76,14.89,14.61,14.81,7403
03/14/2014,14.85,15.08,14.742,14.778,10141
03/13/2014,14.92,15.019,14.81,14.84,5596
03/12/2014,14.65,15.22,14.48,15.1,20640
03/11/2014,15.3,15.3,14.5,14.84,57179
03/10/2014,14.59,15.51,14.35,15.04,122058
03/07/2014,14.65,14.74,14.6,14.72,22193
03/06/2014,14.97,14.97,14.65,14.7,24452
03/05/2014,15.2,15.39,14.85,14.88,50136
03/04/2014,15.06,15.57,14.85,15.1,95028
03/03/2014,14.5,15.1,14.49,14.96,15749
02/28/2014,15.62,15.81,14.5,14.8,68220
02/27/2014,15.38,15.98,15.0998,15.73,26194
02/26/2014,14.81,15.45,14.7,15.35,51063
02/25/2014,15.57,15.605,14.8,14.8,55577
02/24/2014,16.37,16.37,15.39,15.46,62766
02/21/2014,16.9,16.9,16.2,16.35,28927
02/20/2014,16.75,16.95,16.55,16.73,23899
02/19/2014,16.95,16.95,16.5,16.84,17117
02/18/2014,17.17,17.2,15.81,16.99,134046
02/14/2014,17.08,17.1,16.72,17.05,48897
02/13/2014,16.57,16.99,16.5601,16.95,54823
02/12/2014,16.77,16.99,16.2,16.7,44808
02/11/2014,16.5,16.99,16.1,16.84,88336
02/10/2014,16.4,16.5,15.8,16.45,100237
02/07/2014,15.22,16.4,15.07,16.34,195912
02/06/2014,15.18,15.2,14.6045,15.01,58642
02/05/2014,14.32,15.48,14.0699,15.04,184779
02/04/2014,14.49,14.645,13.5501,14.49,102405
02/03/2014,13.45,13.66,12.76,12.77,45313
01/31/2014,13.2,13.535,13.06,13.37,32922
01/30/2014,13.35,13.7988,13.3,13.69,20443
01/29/2014,13.39,13.52,13,13.14,11141
01/28/2014,12.89,13.58,12.89,13.4107,9264
01/27/2014,13.23,13.23,12.77,12.91,47290
01/24/2014,13.49,13.63,12.9,13,75044
01/23/2014,13.63,13.65,13.5,13.65,16392
01/22/2014,13.85,13.914,13.6,13.64,15812
01/21/2014,14.26,14.45,13.5,13.88,57229
01/17/2014,14.65,14.65,14.1,14.23,20835
01/16/2014,14.36,14.62,14.1001,14.62,28716
01/15/2014,14.36,14.61,14.11,14.36,79629
01/14/2014,13.9,14.36,13.74,14.3,51872
01/13/2014,13.8,14.14,13.61,13.77,42600
01/10/2014,13.97,14.99,13.7,13.93,304404
01/09/2014,13.27,13.39,13.25,13.26,25469
01/08/2014,13.16,13.37,12.96,13.2,18576
01/07/2014,13.88,13.969,12.9801,13.24,54412
01/06/2014,14.37,14.5,13.77,13.89,18777
01/03/2014,14.41,14.5699,14.34,14.36,16735
01/02/2014,14.44,14.54,14.16,14.49,25853
12/31/2013,14.57,14.58,14.3,14.54,48232
12/30/2013,13.74,14.76,13.68,14.61,181823
12/27/2013,13.74,13.74,13.5,13.74,20759
12/26/2013,13.67,13.88,13.5902,13.8,34499
12/24/2013,13.61,13.75,13.58,13.58,4518
12/23/2013,13.12,13.8,12.94,13.8,34908
12/20/2013,13.41,13.41,12.9,12.95,21142
12/19/2013,13.25,13.41,13.2101,13.41,15962
12/18/2013,13.16,13.41,12.9001,13.41,10401
12/17/2013,13.01,13.16,12.945,13.09,13453
12/16/2013,12.91,13.175,12.91,12.93,14189
12/13/2013,12.92,13.09,12.82,12.89,7929
12/12/2013,12.65,12.99,12.5701,12.87,20065
12/11/2013,12.9,13.03,12.78,12.87,21541
12/10/2013,12.85,13.35,12.84,12.93,37617
12/09/2013,13.29,13.49,12.83,12.98,28620
12/06/2013,13.51,13.51,13.09,13.15,11119
12/05/2013,13.25,13.51,12.9896,13.51,15841
12/04/2013,12.83,13.5892,12.8101,13.15,26200
12/03/2013,13.12,13.24,12.56,12.97,67731
12/02/2013,13.61,13.61,12.7116,13.22,80366
11/29/2013,13.78,13.82,13.5,13.69,23179
11/27/2013,13.4,13.91,13,13.79,111065
11/26/2013,13.06,14.141,13.01,13.9,160443
11/25/2013,13,13.2,12.83,13.03,39088
11/22/2013,13.05,13.15,12.83,13,18913
11/21/2013,12.92,13.1899,12.782,12.94,26021
11/20/2013,13.05,13.7,12.58,12.92,62408
11/19/2013,13,13.2,12.7701,13.02,23510
11/18/2013,13.72,13.72,13,13.02,73054
11/15/2013,12.43,13.75,12.4,13.75,459374
11/14/2013,10.9,11.557,10.701,11.52,28167
11/13/2013,10.78,10.9,10.72,10.8746,13830
11/12/2013,10.81,10.909,10.75,10.75,14304
11/11/2013,10.77,10.96,10.77,10.83,21416
11/08/2013,10.9,11.1,10.774,10.82,13727
11/07/2013,11.01,11.039,10.78,10.9,17842
11/06/2013,11.1,11.1,10.93,11.01,22117
11/05/2013,10.89,11.08,10.89,11.01,20421
11/04/2013,11.02,11.33,10.94,11,21708
11/01/2013,11.005,11.25,10.801,10.94,19086
10/31/2013,11.24,11.38,11.12,11.2,8506
10/30/2013,11.4,11.4,11.22,11.31,21778
10/29/2013,11.27,11.37,11.07,11.32,28978
10/28/2013,11.5,11.64,11.001,11.19,34587
10/25/2013,11.14,11.71,11.14,11.58,44916
10/24/2013,11,11.3599,10.98,11.18,41983
10/23/2013,11.12,11.3,10.89,11.03,28065
10/22/2013,10.62,11.2,10.62,11.1799,50377
10/21/2013,10.22,10.73,10.16,10.61,19541
10/18/2013,10.26,10.39,10.08,10.26,38356
10/17/2013,10.39,10.39,9.87,10.17,70199
10/16/2013,10.53,10.54,10.2601,10.31,33182
10/15/2013,10.43,10.6,10.28,10.52,29940
10/14/2013,10.16,10.68,10.05,10.46,37287
10/11/2013,9.95,10.26,9.95,10.25,48587
10/10/2013,9.83,10.03,9.6803,9.84,23781
10/09/2013,9.9,9.9,9.5704,9.75,37548
10/08/2013,9.88,10.15,9.87,9.88,62428
10/07/2013,10.01,10.01,9.81,9.88,114960
10/04/2013,10.83,10.88,10.02,10.03,64558
10/03/2013,10.29,10.29,9.89,9.97,108477
10/02/2013,9.81,10.35,9.75,10.24,117516
10/01/2013,9.62,10.0499,9.6,9.8,108084
09/30/2013,9.8,10.0599,9.51,9.66,42329
09/27/2013,10.12,10.12,9.75,9.85,117228
09/26/2013,10.89,10.89,10.12,10.2,135045
09/25/2013,11.27,11.3,10.8,10.9,41442
09/24/2013,10.65,11.4,10.65,11.23,84901
09/23/2013,10.72,10.75,10.3,10.62,25627
09/20/2013,10.43,10.9,10.36,10.7,58528
09/19/2013,10.5,10.5575,9.9,10.43,116448
09/18/2013,10.83,11.03,10.5,10.51,56713
09/17/2013,11.06,11.25,10.56,10.8,64857
09/16/2013,10.95,11.33,10.81,11.1,47402
09/13/2013,11.81,11.85,10.92,11,107960
09/12/2013,12.3,12.399,11.78,11.86,56782
09/11/2013,12.88,12.88,11.7201,12.24,216609
09/10/2013,12.39,12.44,11.51,12.24,154381
09/09/2013,11.45,12.56,11.4,12.49,154332
09/06/2013,10.7,12.3396,10.25,11.58,274442
09/05/2013,11.28,11.4272,10.5,10.67,117139
09/04/2013,11.5,11.56,11.32,11.33,42476
09/03/2013,11.26,12,11.26,11.68,110116
08/30/2013,12.34,12.9,11.12,11.22,268817
08/29/2013,14.25,14.25,11.9,12.48,519021
08/28/2013,13.3,14.8,13.297,14.65,355030
08/27/2013,13.42,13.55,13.07,13.3,133481
08/26/2013,12.3,13.6,12.25,13.51,198577
08/23/2013,12,12.2,11.7101,12.2,20210
08/22/2013,11.96,12.1,11.55,12,25392
08/21/2013,12.09,12.1999,11.8,12.02,28681
08/20/2013,12.23,12.35,11.98,12.13,19702
08/19/2013,12.05,12.45,11.7801,12.14,38216
08/16/2013,12.01,12.25,11.24,12.25,45540
08/15/2013,12.51,12.85,11.88,12.1,62370
08/14/2013,12.84,12.84,12.5,12.52,43840
08/13/2013,11.8,12.99,11.75,12.84,137844
08/12/2013,11.24,12,11.24,11.66,48171
08/09/2013,10.68,11.25,10.6,11.24,27060
08/08/2013,10.68,10.9,10.55,10.68,14794
08/07/2013,10.75,12.12,10.58,10.68,114206
08/06/2013,10.58,10.8,10.58,10.73,17278
08/05/2013,10.73,10.73,10.45,10.54,12059
08/02/2013,10.6,10.75,10.55,10.57,8205
08/01/2013,10.59,10.76,10.5,10.51,14741
07/31/2013,10.43,10.7,10.4,10.46,8659
07/30/2013,10.11,11,10.11,10.33,41172
07/29/2013,9.75,10.1,9.75,10.1,21092
07/26/2013,9.87,9.95,9.8,9.8,10117
07/25/2013,9.97,9.981,9.85,9.86,7454
07/24/2013,9.97,9.97,9.81,9.92,6573
07/23/2013,9.94,10,9.8,9.93,17351
07/22/2013,9.91,10,9.8,9.83,18271
07/19/2013,9.84,10.1883,9.84,9.85,11658
07/18/2013,9.95,10,9.85,9.85,21099
07/17/2013,10.16,10.16,9.75,9.8999,38259
07/16/2013,10.17,10.19,10.1,10.14,10550
07/15/2013,10.34,10.34,10.1,10.16,11068
07/12/2013,10.71,10.75,10.05,10.24,22404
07/11/2013,10.3,10.82,10.3,10.72,44902
07/10/2013,10.15,10.47,10.13,10.25,31885
07/09/2013,9.89,10.195,9.621,10.08,31472
07/08/2013,9.17,9.98,9.17,9.98,37860
07/05/2013,9.31,9.34,9,9.16,19644
07/03/2013,9.28,9.33,9.08,9.201,12440
07/02/2013,8.9,9.37,8.85,9.31,34576
07/01/2013,8.43,8.9,8.32,8.88,34073
06/28/2013,8.3,8.48,8.18,8.33,30256
06/27/2013,8.06,8.5,8.05,8.2301,27246
06/26/2013,7.77,8.19,7.73,8.01,40625
06/25/2013,7.94,7.9416,7.7,7.8599,67418
06/24/2013,8.59,8.6,7.76,7.97,93988
06/21/2013,8.736,8.84,8.5,8.65,34900
06/20/2013,8.49,8.58,8.4,8.56,58171
06/19/2013,8.29,8.7599,8.29,8.45,43486
06/18/2013,8.48,8.4999,8.276,8.29,36834
06/17/2013,8.56,8.62,8.43,8.44,26395
06/14/2013,8.6,8.62,8.54,8.54,26515
06/13/2013,8.5,8.7599,8.45,8.601,14497
06/12/2013,8.84,8.86,8.4999,8.5,40019
06/11/2013,8.62,8.86,8.43,8.73,53543
06/10/2013,8.73,8.99,8.6,8.62,35223
06/07/2013,8.91,9.25,8.63,8.79,50548
06/06/2013,9.13,9.2599,8.9,8.92,36506
06/05/2013,8.9,9.2,8.75,9.2,43585
06/04/2013,9.55,9.55,8.88,8.89,59345
06/03/2013,9.72,9.8,9.5,9.53,20556
05/31/2013,9.7,10,9.61,9.64,23969
05/30/2013,9.64,9.9399,9.64,9.699,22122
05/29/2013,9.76,9.9,9.76,9.8,9009
05/28/2013,9.75,9.87,9.7,9.8,39100
05/24/2013,9.67,9.82,9.5,9.66,36908
05/23/2013,9.79,9.9,9.5,9.61,32657
05/22/2013,10.02,10.14,9.8,9.84,31790
05/21/2013,10.01,10.2,9.95,9.962,21531
05/20/2013,10.07,10.14,9.96,10.08,30329
05/17/2013,10.02,10.2,9.99,10.0724,10050
05/16/2013,9.98,10.19,9.98,10.02,63015
05/15/2013,10.2,10.2,9.95,9.95,16772
05/14/2013,10,10.29,10,10.19,39677
05/13/2013,10.1,10.1043,9.999,10.03,23761
05/10/2013,10.19,10.19,10.1,10.12,25588
05/09/2013,10.11,10.2499,10.1,10.11,10033
05/08/2013,10.1,10.22,10.1,10.17,15375
05/07/2013,10.13,10.22,10.101,10.11,11608
05/06/2013,10.16,10.239,10.1,10.16,18317
05/03/2013,10.25,10.259,10.12,10.16,28064
05/02/2013,10.23,10.28,10.1,10.14,34316
05/01/2013,10.44,10.44,10.2,10.26,18820
04/30/2013,10.11,10.41,10.11,10.39,15348
04/29/2013,10.19,10.24,10.065,10.1,23081
04/26/2013,10.15,10.2799,10.01,10.07,19287
04/25/2013,10.12,10.35,9.91,10.06,23509
04/24/2013,10,10.26,10,10.17,25929
04/23/2013,10.44,10.44,9.91,9.96,50593
04/22/2013,10.23,10.37,9.955,10.03,53596
04/19/2013,10.61,10.66,10.18,10.27,37558
04/18/2013,10.7,11.12,10.54,10.7,15108
04/17/2013,11.13,11.16,10.521,10.81,19139
04/16/2013,11.38,11.66,11.21,11.22,15949
04/15/2013,11.51,11.67,11.12,11.41,43769
04/12/2013,11.29,11.68,11.25,11.58,47696
04/11/2013,11.5,11.6,11.1,11.25,33665
04/10/2013,10.66,11.56,10.66,11.56,108338
04/09/2013,10.43,10.659,10.4,10.53,16021
04/08/2013,10.5,10.69,10.33,10.51,11402
04/05/2013,10.71,10.71,10.35,10.5501,14455
04/04/2013,10.92,11.0499,10.51,10.82,20487
04/03/2013,10.45,11.05,10.35,10.79,60113
04/02/2013,10.6,10.89,10.3501,10.46,42712
04/01/2013,10.18,10.34,9.91,10.34,20370
03/28/2013,10.15,10.39,10.015,10.15,12309
03/27/2013,10.03,10.44,10,10.26,17354
03/26/2013,10.32,10.89,10.2,10.22,26174
03/25/2013,10.86,10.87,10.3125,10.51,16606
03/22/2013,10.94,11.2899,10.6001,10.86,10173
03/21/2013,10.11,11.19,9.91,10.83,50874
03/20/2013,10.51,10.6,10.14,10.29,32403
03/19/2013,10.39,10.7,10.39,10.6,10703
03/18/2013,10.7,10.9099,10.39,10.44,39031
03/15/2013,11.08,11.1999,10.8501,10.98,14584
03/14/2013,11.5,11.5,11.1,11.192,12737
03/13/2013,11.29,11.44,11.29,11.32,15417
03/12/2013,11.5,11.5,11.2,11.415,19886
03/11/2013,11.28,11.5,10.88,11.4,18003
03/08/2013,10.83,11.3,10.5101,11.06,16659
03/07/2013,10.98,11.1799,10.63,10.82,9980
03/06/2013,11.33,11.33,10.93,11.02,23169
03/05/2013,10.87,11.15,10.6,10.92,35178
03/04/2013,10.3,11,10.3,10.71,15575
03/01/2013,10.59,10.59,10.19,10.19,15116
02/28/2013,10.56,10.56,10.21,10.5,12263
02/27/2013,10.4,10.85,10.35,10.55,13536
02/26/2013,10.65,10.7399,10.1124,10.39,31453
02/25/2013,11.18,11.197,10.5,10.74,27173
02/22/2013,10.83,11.2,10.83,11.14,25342
02/21/2013,10.24,10.75,10.19,10.66,35851
02/20/2013,11.01,11.1299,9.99,10.08,89305
02/19/2013,12.05,12.05,11.09,11.1,72305
02/15/2013,12.02,12.02,11.88,12,5269
02/14/2013,12.11,12.11,11.82,11.86,18645
02/13/2013,11.78,12.04,11.73,11.94,8868
02/12/2013,11.9,12.19,11.7,11.75,35402
02/11/2013,11.72,11.7999,11.62,11.78,13695
02/08/2013,11.92,11.92,11.51,11.65,14291
02/07/2013,12.01,12.02,11.7,11.7,13222
02/06/2013,11.89,12.085,11.86,12.04,20641
02/05/2013,12.08,12.25,11.69,11.8,32362
02/04/2013,12.24,12.24,11.89,11.97,47850
02/01/2013,11.75,12.3,11.66,12.24,56833
01/31/2013,11.91,11.91,11.45,11.62,40884
01/30/2013,11.74,11.8899,11.25,11.38,29028
01/29/2013,11.43,11.87,11.39,11.51,47163
01/28/2013,11.21,11.5,11.2,11.34,34982
01/25/2013,11.06,11.35,10.998,11.12,32823
01/24/2013,10.75,11.3,10.75,11.034,29580
01/23/2013,11.07,11.25,10.65,10.75,50172
01/22/2013,10.99,11.11,10.94,11.01,24902
01/18/2013,11.35,11.41,10.687,10.88,32517
01/17/2013,11.18,11.83,11.1001,11.39,76695
01/16/2013,10.35,11.35,10.35,11.01,119500
01/15/2013,10.16,10.49,10.05,10.32,24907
01/14/2013,10.02,10.25,10.02,10.16,12080
01/11/2013,10.11,10.2,10.02,10.04,12809
01/10/2013,9.9,10.29,9.9,10.11,24685
01/09/2013,10.05,10.145,9.86,9.89,19752
01/08/2013,10.14,10.34,9.9,9.9,45923
01/07/2013,10.03,10.11,9.8724,10.02,18787
01/04/2013,10.04,10.3,9.82,10.035,41369
01/03/2013,9.95,10,9.8739,9.92,15217
01/02/2013,9.73,10,9.65,9.93,24168
12/31/2012,9.49,9.72,9.19,9.6,59651
12/28/2012,9.38,9.709,9.38,9.54,19274
12/27/2012,9.4,9.56,9.3,9.43,15933
12/26/2012,9.35,9.3872,9.29,9.3,22660
12/24/2012,9.54,9.54,9.29,9.3,5394
12/21/2012,9.3,9.5925,9.3,9.46,16409
12/20/2012,9.79,9.86,9.2,9.44,33059
12/19/2012,9.97,10.07,9.65,9.68,31864
12/18/2012,10.24,10.2435,9.95,9.97,56603
12/17/2012,9.26,10.12,9.26,10.05,61287
12/14/2012,9.29,9.4999,9.0301,9.11,22178
12/13/2012,8.53,9.44,8.5,9.18,71559
12/12/2012,8.58,8.6,8.4007,8.5,21537
12/11/2012,8.6,8.65,8.51,8.6,6813
12/10/2012,8.57,8.6599,8.5,8.51,27710
12/07/2012,8.17,8.5999,8.17,8.46,16974
12/06/2012,8.48,8.5185,8.1,8.2,27506
12/05/2012,8.6,8.9999,8.38,8.53,26225
12/04/2012,8.72,8.94,8.52,8.55,13250
12/03/2012,8.84,8.84,8.495,8.7199,12113
11/30/2012,8.86,9,8.75,8.84,12687
11/29/2012,8.54,9.05,8.54,8.99,29532
11/28/2012,8.42,8.89,8.08,8.61,38722
11/27/2012,7.98,8.6,7.98,8.6,25226
11/26/2012,7.77,8.1,7.25,7.97,47173
11/23/2012,8.2,8.2,7.88,7.92,50482
11/21/2012,8.41,8.41,8.3776,8.41,1880
11/20/2012,8.35,8.5,8,8.4,20044
11/19/2012,8.08,8.65,8.08,8.36,10786
11/16/2012,8.04,8.08,7.88,8,19236
11/15/2012,7.78,8.6799,7.75,8,31065
11/14/2012,8.45,8.76,8.05,8.13,62362
11/13/2012,8.9,8.93,8.11,8.46,48196
11/12/2012,9.69,9.69,8.85,8.93,32845
11/09/2012,9.7,9.84,9.63,9.63,11736
11/08/2012,9.88,10.21,9.7,9.76,15706
11/07/2012,10.35,10.35,9.71,9.8699,28378
11/06/2012,10.25,10.44,10.25,10.39,11373
11/05/2012,10.11,10.4,10.11,10.24,16100
11/02/2012,10.27,10.27,10.1,10.17,4158
11/01/2012,10.28,10.49,10.18,10.25,41067
10/31/2012,10.21,10.251,10.18,10.22,10723
10/26/2012,10,10.26,10,10.2002,14825
10/25/2012,9.9,9.98,9.73,9.97,28372
10/24/2012,10.15,10.15,9.75,9.8,21075
10/23/2012,10.09,10.35,10,10.13,13853
10/22/2012,10.22,10.4,10.18,10.23,26140
10/19/2012,10.25,10.26,10.07,10.1899,21388
10/18/2012,10.22,10.27,10.22,10.25,32935
10/17/2012,10.1,10.23,10.1,10.23,18992
10/16/2012,9.85,10.1999,9.85,10.16,57242
10/15/2012,9.72,9.86,9.63,9.81,34966
10/12/2012,9.68,9.81,9.63,9.64,9940
10/11/2012,9.84,9.85,9.7,9.74,26581
10/10/2012,9.82,9.89,9.8,9.8132,14650
10/09/2012,9.67,9.82,9.65,9.78,27232
10/08/2012,9.83,9.86,9.62,9.63,25871
10/05/2012,9.8,9.88,9.8,9.83,13145
10/04/2012,9.68,9.85,9.61,9.79,22948
10/03/2012,9.75,9.78,9.65,9.74,11271
10/02/2012,9.79,9.96,9.61,9.75,43400
10/01/2012,9.77,9.92,9.68,9.72,27325
09/28/2012,9.74,9.76,9.6483,9.68,35088
09/27/2012,9.82,9.95,9.61,9.82,19534
09/26/2012,9.8,9.86,9.66,9.82,19528
09/25/2012,9.85,10,9.8,9.82,16083
09/24/2012,9.84,9.9199,9.72,9.85,10739
09/21/2012,9.82,9.96,9.72,9.81,30645
09/20/2012,9.8,9.88,9.68,9.77,17231
09/19/2012,9.81,9.82,9.61,9.76,31488
09/18/2012,9.93,10.3799,9.8,9.83,49354
09/17/2012,10.21,10.21,9.9,9.91,13449
09/14/2012,9.72,10.4,9.61,10.21,75245
09/13/2012,9.9,10,9.6801,9.69,33061
09/12/2012,9.95,10.02,9.8001,9.95,17647
09/11/2012,9.9,10.39,9.85,9.95,36476
09/10/2012,9.95,10.06,9.9,9.91,21823
09/07/2012,10.04,10.0999,9.9101,10.03,41082
09/06/2012,10.5,10.58,9.92,9.98,71546
09/05/2012,10.51,10.51,10.1,10.49,52324
09/04/2012,10.7,10.75,10.45,10.52,30855
08/31/2012,10.87,11.01,10.6,10.78,29993
08/30/2012,10.95,11.0183,10.8,10.83,26478
08/29/2012,11.1,11.1,10.78,11.02,22612
08/28/2012,11.1,11.1,10.9,11.06,31174
08/27/2012,10.87,11.05,10.85,11.04,30375
08/24/2012,10.94,11.32,10.75,10.88,54372
08/23/2012,10.38,11.05,10.22,10.97,90534
08/22/2012,10.15,10.3699,9.94,10.3699,39984
08/21/2012,9.9,10.398,9.861,10.22,33870
08/20/2012,10.01,10.01,9.687,9.93,55873
08/17/2012,10.19,10.2199,9.88,10.05,67841
08/16/2012,10.38,10.38,10.14,10.23,37334
08/15/2012,9.75,10.63,9.75,10.4,81474
08/14/2012,10.06,10.09,9.62,9.925,42681
08/13/2012,10.29,10.29,9.82,10.06,51037
08/10/2012,10.43,10.433,10.17,10.36,21329
08/09/2012,10,10.48,10,10.4001,26702
08/08/2012,10.1,10.14,9.95,10.01,25016
08/07/2012,10,10.22,9.9,10.17,41660
08/06/2012,9.89,10.1,9.62,10.02,174837
08/03/2012,10.84,11,10.8,10.91,26374
08/02/2012,10.92,11.13,10.6,10.75,20685
08/01/2012,10.92,11.11,10.773,10.99,29613
07/31/2012,11.2,11.2,10.51,10.94,101287
07/30/2012,11.51,11.6,11.01,11.29,71149
07/27/2012,11.52,11.72,11.3801,11.49,27692
07/26/2012,11.61,12.05,11.35,11.5,40985
07/25/2012,11.83,11.99,11.63,11.74,25929
07/24/2012,12.18,12.2898,11.61,11.66,36064
07/23/2012,12.08,12.25,12.0305,12.11,39493
07/20/2012,12.09,12.4499,12.04,12.29,13899
07/19/2012,12.35,12.46,12.15,12.2,13077
07/18/2012,12.26,12.49,12.1,12.35,51617
07/17/2012,12.42,12.47,12.26,12.31,33238
07/16/2012,12.24,12.58,12.2,12.371,73943
07/13/2012,12.2211,12.4,12.1918,12.2599,12949
07/12/2012,12.3,12.3,12.1101,12.18,11331
07/11/2012,12.48,12.5999,12.05,12.35,22648
07/10/2012,12.74,12.78,12.12,12.5,25836
07/09/2012,12.68,13,12.63,12.8,30921
07/06/2012,12.85,12.93,12.77,12.8,18049
07/05/2012,12.82,13.27,12.76,13.04,46571
07/03/2012,13.09,13.4,12.729,12.911,24719
07/02/2012,12.88,13.14,12.5,13.14,43397
06/29/2012,13.09,13.1227,12.75,12.86,35117
06/28/2012,12.89,13.0899,12.51,12.81,14178
06/27/2012,12.86,13.1,12.61,13.06,33126
06/26/2012,12.96,12.96,12.45,12.68,16317
06/25/2012,12.84,13.1,12.438,12.58,16767
06/22/2012,12.46,12.6499,12.36,12.6,14555
06/21/2012,13.06,13.06,12.36,12.4,27192
06/20/2012,13.3,13.3,12.83,13.12,16275
06/19/2012,13.06,13.3,13.0001,13.25,56220
06/18/2012,12.39,13.0782,12.35,13.06,54608
06/15/2012,12.06,12.32,12,12.32,10745
06/14/2012,12.09,12.1,11.9,12.09,12816
06/13/2012,12.25,12.27,12,12.05,42683
06/12/2012,12.48,12.5,12.2015,12.2601,12298
06/11/2012,12.49,12.49,12,12.39,25370
06/08/2012,12.52,12.52,11.27,12.43,19987
06/07/2012,13.02,13.17,12.2,12.52,27066
06/06/2012,13.11,13.35,12.6,12.91,42985
06/05/2012,12.8,13.11,12.64,13.09,48448
06/04/2012,11.97,12.45,11.7809,12.43,39939
06/01/2012,11.85,11.8899,11.51,11.72,50152
05/31/2012,11.99,12.09,11.6709,11.9,48644
05/30/2012,12.12,12.12,11.9,11.999,22681
05/29/2012,11.96,12.426,11.96,12.24,61408
05/25/2012,12.04,12.05,11.8814,11.94,16271
05/24/2012,12.04,12.1991,11.98,12.05,22402
05/23/2012,11.69,12.17,11.611,12,55441
05/22/2012,12,12,11.66,11.74,50429
05/21/2012,12.05,12.05,11.7,11.91,52117
05/18/2012,12.24,12.24,11.7,11.98,63416
05/17/2012,13,13.456,11.99,12.2,104212
05/16/2012,14.27,14.27,12.64,12.99,150289
05/15/2012,14.47,14.47,14.01,14.33,56499
05/14/2012,14.47,14.47,14.25,14.31,76796
05/11/2012,14.27,14.35,14.14,14.32,44838
05/10/2012,14.47,14.5,14.19,14.45,39553
05/09/2012,14.47,14.47,14,14.47,58261
05/08/2012,14.53,14.95,14.11,14.51,250615
05/07/2012,14,14.24,13.47,13.96,71828
05/04/2012,13.64,13.64,12.95,13.18,57499
05/03/2012,14.43,14.45,13.26,13.72,69564
05/02/2012,14.67,14.74,14.21,14.45,81928
05/01/2012,14.1,14.58,13.72,14.33,97195
04/30/2012,13.41,14.42,13.41,13.92,193189
04/27/2012,12.49,13.3499,12.37,13.34,165025
04/26/2012,12.35,12.42,12.131,12.34,44164
04/25/2012,12.53,12.5992,11.936,12.07,47334
04/24/2012,12.4,12.58,12.3,12.4,47674
04/23/2012,11.94,12.36,11.5,12.35,81710
04/20/2012,12.26,12.282,11.7,11.91,82364
04/19/2012,12.45,12.45,12.14,12.22,26788
04/18/2012,12.8,13.03,12.4,12.44,36706
04/17/2012,12.42,13,12.42,12.94,66279
04/16/2012,12.87,12.87,12.19,12.41,50132
04/13/2012,12.73,12.99,12.65,12.84,37499
04/12/2012,12.1,12.78,12.1,12.73,40472
04/11/2012,12.07,12.25,11.99,12.05,48993
04/10/2012,12.92,12.92,11.85,12,99810
04/09/2012,12.9,12.91,12.61,12.63,88475
04/05/2012,12.9,13.08,12.85,12.97,43706
04/04/2012,13.2,13.3,12.75,12.9,82088
04/03/2012,13.45,13.46,13.1,13.25,80279
04/02/2012,13.51,13.69,13.3,13.39,81762
03/30/2012,13.57,13.89,13.43,13.51,113278
03/29/2012,12.9,13.65,12.8,13.49,161417
03/28/2012,13.26,13.74,12.6796,12.92,145255
03/27/2012,13.2,13.95,13.2,13.26,315998
03/26/2012,12.47,13.0792,12.44,12.92,106809
03/23/2012,12.38,12.47,12.25,12.35,71762
03/22/2012,12.27,12.4299,12.1,12.34,75864
03/21/2012,11.91,12.35,11.85,12.29,106089
03/20/2012,11.67,11.85,11.5003,11.85,50880
03/19/2012,11.59,11.96,11.5,11.67,93026
03/16/2012,11.3,11.6,11.044,11.56,80647
03/15/2012,11.23,11.5992,11.23,11.31,64122
03/14/2012,11.75,11.751,11.24,11.26,94246
03/13/2012,12.14,12.14,11.65,11.82,51643
03/12/2012,11.94,11.95,11.63,11.68,82973
03/09/2012,11.65,12.15,11.65,11.83,78167
03/08/2012,11.44,11.64,11.2101,11.63,57987
03/07/2012,11.33,11.4499,11.15,11.31,51795
03/06/2012,11.58,11.65,11,11.2,120959
03/05/2012,12,12.149,11.54,11.67,113706
03/02/2012,11.1,11.97,10.661,11.78,187761
03/01/2012,11.51,11.75,11.04,11.1,162856
02/29/2012,11.68,11.8699,11.39,11.51,106638
02/28/2012,11.86,11.9,11.43,11.69,171673
02/27/2012,12.08,12.25,11.7,11.78,276603
02/24/2012,12.87,12.9871,12.5,12.58,84566
02/23/2012,12.84,12.97,12.43,12.9,80727
02/22/2012,13.23,13.4,12.69,12.736,94231
02/21/2012,13.12,13.81,13.12,13.28,150880
02/17/2012,12.89,13.1699,12.51,13.086,81238
02/16/2012,12.35,12.92,12.03,12.81,264166
02/15/2012,13.48,13.48,12.37,12.43,206671
02/14/2012,14.15,14.26,13.21,13.34,137844
02/13/2012,14.96,15,13.81,14.26,170111
02/10/2012,15.28,15.28,14.55,14.79,112780
02/09/2012,15.42,15.63,14.5,15.33,136618
02/08/2012,15.88,16.06,15,15.37,193888
02/07/2012,14.9,15.6999,14.85,15.65,190595
02/06/2012,14.86,14.95,14.54,14.9,129336
02/03/2012,14.84,14.9499,14.55,14.83,164549
02/02/2012,14.69,14.99,14.21,14.57,131890
02/01/2012,14.61,14.788,14.45,14.6,97566
01/31/2012,14.29,14.67,14.15,14.33,122260
01/30/2012,13.44,14.536,13.1,14.13,246609
01/27/2012,12.6,13.721,12.6,13.42,80516
01/26/2012,13.25,13.38,12.65,12.7,48692
01/25/2012,12.56,13.22,12.44,13.15,77578
01/24/2012,12.9,12.9,12.43,12.57,108648
01/23/2012,13.05,13.322,12.73,12.99,86105
01/20/2012,12.9,13.086,12.55,12.98,78925
01/19/2012,13.82,13.948,12.76,12.89,184090
01/18/2012,12.83,13.74,12.8,13.71,228939
01/17/2012,12.47,13.03,12.4,12.56,107527
01/13/2012,12.42,12.42,12.1,12.32,56520
01/12/2012,12.7,12.84,12.17,12.49,95985
01/11/2012,12.15,12.9299,12.06,12.6,143927
01/10/2012,12.44,12.44,11.58,12.11,165611
01/09/2012,11.13,12.35,11.01,12.07,259316
01/06/2012,11.2,11.23,10.15,10.43,252287
01/05/2012,11.3,11.3,10.85,11.17,95444
01/04/2012,11.15,11.41,11.02,11.37,55284
01/03/2012,12.28,12.28,11.06,11.13,167294
12/30/2011,11.53,12.18,11.34,12.03,125357
12/29/2011,11.93,12,11.33,11.51,202422
12/28/2011,12.18,12.18,11.84,11.95,42038
12/27/2011,12.05,12.25,12,12.1,37239
12/23/2011,12.09,12.17,11.92,12.1486,59683
12/22/2011,11.8,12.24,11.75,12.1,94564
12/21/2011,11.53,11.8,10.85,11.68,140618
12/20/2011,11.92,12.48,11.07,11.55,167222
12/19/2011,13.75,13.81,11.51,11.57,240179
12/16/2011,13.64,14.09,13.3,13.66,58221
12/15/2011,13.51,13.8599,13.27,13.41,94658
12/14/2011,14.53,14.64,13.51,13.57,191098
12/13/2011,15.02,15.2,14.41,14.53,85394
12/12/2011,15.01,15.01,14.7,14.8,65451
12/09/2011,15.02,15.44,14.995,15.31,49202
12/08/2011,15.28,15.28,14.67,14.81,36358
12/07/2011,15,15.44,14.56,15.28,88751
12/06/2011,15.19,15.43,14.79,14.99,72808
12/05/2011,14.92,15.49,14.92,15.1,87660
12/02/2011,14.35,15.14,14.29,14.49,79427
12/01/2011,15.29,15.29,13.75,14.17,152034
11/30/2011,15.82,15.82,14.9,15.36,76952
11/29/2011,15.77,15.8,14.39,14.9,129733
11/28/2011,15.37,15.96,15.29,15.56,108718
11/25/2011,15.32,15.4555,15,15,30496
11/23/2011,15.77,15.83,15.036,15.3,78775
11/22/2011,15.87,15.97,15.37,15.76,59527
11/21/2011,15.98,16,14.98,15.81,164607
11/18/2011,15.81,16.7,15.57,16.44,261106
11/17/2011,16.42,16.945,15.39,15.47,262228
11/16/2011,17.34,17.55,16.35,16.51,290605
11/15/2011,16.24,17.95,16.03,17.31,1174956
11/14/2011,16.34,16.34,15.5,15.75,98517
11/11/2011,15.95,16.13,15.53,15.93,70214
11/10/2011,16.43,16.48,15.52,15.67,70154
11/09/2011,16.73,16.98,15.95,16.14,147120
11/08/2011,17.28,17.3,16.5,17.09,115396
11/07/2011,16.84,17.5,16.52,16.86,199244
11/04/2011,16.79,17.07,16.3,16.43,85931
11/03/2011,17,17.2,16.5,16.9201,101252
11/02/2011,16.68,17.4,15.901,16.91,148421
11/01/2011,15.66,16.65,15.63,16.36,106491
10/31/2011,16.03,16.22,15.22,16.06,88846
10/28/2011,16.5,16.5,15.85,15.99,48357
10/27/2011,17.2,17.2,15.615,16.36,117734
10/26/2011,16.56,17.23,16.34,16.52,94446
10/25/2011,16.94,16.95,16.05,16.33,61321
10/24/2011,15.92,16.98,15.92,16.91,93670
10/21/2011,15.19,15.99,15.01,15.77,91445
10/20/2011,15.45,15.454,14.74,15.03,74625
10/19/2011,15.66,16.429,15.32,15.38,41943
10/18/2011,15.85,16.1192,14.8,15.82,53247
10/17/2011,16.3,16.5,15.65,15.77,82413
10/14/2011,16.28,16.99,16.06,16.51,75179
10/13/2011,16.19,16.25,15.75,16.04,42625
10/12/2011,16.35,16.81,15.75,16.19,121979
10/11/2011,15.51,16.78,15,15.86,144299
10/10/2011,14.15,16.07,14.02,15.46,217537
10/07/2011,13.86,14.12,13.18,13.52,72881
10/06/2011,13.92,14.22,13.28,13.7,117072
10/05/2011,13.47,14.2104,13.26,13.92,80846
10/04/2011,12.25,13.471,12.1508,13.33,92787
10/03/2011,13.39,13.68,12.11,12.54,122183
09/30/2011,12.65,13.8807,12.36,13.5,126889
09/29/2011,13.79,14.82,12.58,12.78,169244
09/28/2011,13.71,13.73,12.78,13.35,79993
09/27/2011,13.65,14.34,13.5,13.61,150723
09/26/2011,13.64,14.06,13.21,13.46,109326
09/23/2011,13.14,14,12.89,13.8,83606
09/22/2011,13.71,14.1,12.06,13.36,343238
09/21/2011,14.91,15.35,14.34,14.45,104589
09/20/2011,15.34,16.19,14.68,14.98,145773
09/19/2011,15.1,15.5492,14.41,15,186473
09/16/2011,15.98,16,15.2,15.44,168386
09/15/2011,17.01,17.02,15.6301,15.93,278787
09/14/2011,16.51,17.8,16.14,17.13,218332
09/13/2011,16.3,17.1,15.96,16.72,109917
09/12/2011,16.57,16.89,15.54,16.13,260015
09/09/2011,18.49,18.49,16.8843,16.95,272165
09/08/2011,17.91,18.63,17.53,18.16,269931
09/07/2011,18.76,19.3999,17.52,18.02,303780
09/06/2011,17.67,19.76,17.48,18.47,616541
09/02/2011,17,18.71,16.1,18.62,234089
09/01/2011,18.11,18.61,17.33,17.6,111498
08/31/2011,19.15,19.1799,17.01,18.24,323602
08/30/2011,18.72,19.4,18.2,19.18,369048
08/29/2011,16.77,19.08,16.77,18.79,579073
08/26/2011,16.67,17.17,15.51,16.5,256350
08/25/2011,17.5,17.9,16.42,16.74,201239
08/24/2011,15.5,17.319,15.36,17.3,358434
08/23/2011,12.87,15.45,12.87,15.33,256407
08/22/2011,13.88,13.88,12.61,12.72,82849
08/19/2011,11.59,13.89,11.52,13.27,152777
08/18/2011,12.93,12.93,11.24,11.82,88547
08/17/2011,13.2,13.48,12.834,12.89,23529
08/16/2011,13.2,13.55,12.8208,13.18,35127
08/15/2011,13.43,13.6199,12.8,13.3,63971
08/12/2011,13.36,13.55,12.76,12.9,80395
08/11/2011,12.1,13.37,11.9,13.27,248065
08/10/2011,13.5,14.04,11.99,12.1,153722
08/09/2011,13.99,14,12.52,13.7,118490
08/08/2011,15,15,13.29,13.68,102418
08/05/2011,15.82,16.09,14.03,15.2299,83125
08/04/2011,16.32,16.32,15.55,15.73,92803
08/03/2011,15.98,16.79,15.67,16.52,67852
08/02/2011,15.72,16.18,15.28,15.9,59896
08/01/2011,16.59,16.8875,15.56,15.76,68105
07/29/2011,15.76,16.42,15.33,16.25,52923
07/28/2011,15.78,16.13,15.391,15.98,45929
07/27/2011,15.8,16.04,14.84,15.86,135452
07/26/2011,17.49,17.64,15.9,15.97,139839
07/25/2011,17.45,17.79,17.1201,17.29,111800
07/22/2011,16.29,17.87,16.29,17.34,229571
07/21/2011,16.01,16.37,15.7501,16.27,43410
07/20/2011,16.37,16.4,15.81,16,49356
07/19/2011,16.35,16.79,15.84,16.3199,102365
07/18/2011,14.6,16.5099,14.17,16.26,234416
07/15/2011,14.38,14.79,14.02,14.48,88040
07/14/2011,14.08,14.25,13.83,13.99,44024
07/13/2011,13.5,14.49,13.5,14.03,133313
07/12/2011,12.76,13.94,12.76,13.48,154510
07/11/2011,12.85,13.02,12.59,12.66,25991
07/08/2011,12.94,13.16,12.805,13.14,24892
07/07/2011,13.11,13.26,12.82,13.15,68541
07/06/2011,12.6,13.29,12.6,13.04,41714
07/05/2011,12.5,12.929,12.47,12.65,42063
07/01/2011,13.06,13.06,12.51,12.61,33102
06/30/2011,12.9,13.12,12.66,13.02,31782
06/29/2011,13.71,13.71,12.65,12.9,64026
06/28/2011,13.61,13.72,13.3,13.7085,45443
06/27/2011,13.64,13.96,13.5,13.56,62529
06/24/2011,13.51,13.85,13.101,13.6,46766
06/23/2011,13.5,13.5,13.08,13.46,32328
06/22/2011,13.63,13.7,13.4209,13.6,28993
06/21/2011,13.19,13.6999,13.134,13.58,137147
06/20/2011,12.35,13.34,12.35,13.07,91759
06/17/2011,12.42,12.56,12.13,12.31,34107
06/16/2011,12.38,12.5,12.0901,12.3,26156
06/15/2011,12.69,12.79,12.25,12.44,39931
06/14/2011,11.82,12.71,11.65,12.7,119485
06/13/2011,11.45,11.77,11,11.77,40395
06/10/2011,11.3,11.45,11.09,11.4,21489
06/09/2011,11.39,11.45,11.26,11.33,14818
06/08/2011,11.55,11.89,11.11,11.28,20158
06/07/2011,11.66,11.83,11.4,11.54,13970
06/06/2011,11.95,11.95,11.5,11.55,25665
06/03/2011,11.92,12.13,11.01,12.07,16937
06/02/2011,11.6,12.099,11.5,11.97,44760
06/01/2011,12.81,12.81,11.9,12.02,74610
05/31/2011,12.6,13.24,12.2101,12.81,127314
05/27/2011,11.81,12.64,11.8,12.59,182536
05/26/2011,11.51,11.81,11.51,11.79,15615
05/25/2011,11.74,11.99,11.5,11.58,63368
05/24/2011,11.27,12.35,10.9,11.7,210566
05/23/2011,11.63,11.63,11.3299,11.41,15409
05/20/2011,11.49,11.8,11.49,11.55,14115
05/19/2011,11.33,11.57,11.2,11.57,22309
05/18/2011,10.91,11.35,10.5801,11.32,35408
05/17/2011,10.63,10.91,10.271,10.88,33098
05/16/2011,11.23,11.23,10.5009,10.97,52829
05/13/2011,11.49,11.7095,11.2,11.42,20350
05/12/2011,11.82,11.82,11.3,11.47,56082
05/11/2011,12.06,12.06,11.58,11.85,50898
05/10/2011,11.2,12.11,11.2,12,234848
05/09/2011,10.99,11.2799,10.98,11.08,17192
05/06/2011,10.26,11.32,10.07,10.96,15187
05/05/2011,10.28,10.29,9.901,10,17259
05/04/2011,10.9699,10.9699,10.3,10.4,13327
05/03/2011,11.35,11.35,10.62,10.76,11430
05/02/2011,11.49,12.08,11.2109,11.39,20413
04/29/2011,10.42,11.439,10.42,11.399,28902
04/28/2011,10.0101,10.21,10.0101,10.02,1643
04/27/2011,9.95,10.06,9.95,10.03,5595
04/26/2011,10.06,10.06,9.87,9.96,13413
04/25/2011,10,10.06,10,10.06,16370
04/21/2011,10.07,10.07,10.05,10.07,22588
04/20/2011,10.07,10.07,10,10.07,18634
04/19/2011,9.9,10.05,9.9,10.05,10600
04/18/2011,10,10.01,9.85,9.9,14565
04/15/2011,10,10.05,10,10.04,10060
04/14/2011,9.94,10.06,9.94,10.03,7431
04/13/2011,9.91,10.056,9.9,9.9,8548
04/12/2011,10.03,10.04,9.91,9.9999,11964
04/11/2011,10.25,10.25,10,10.11,34912
04/08/2011,10.2,10.2,10.12,10.136,6698
04/07/2011,10.11,10.283,10.05,10.1999,15221
04/06/2011,10.43,10.59,9.913,10.11,10895
04/05/2011,10.56,10.56,10.12,10.4151,8463
04/04/2011,10.68,10.68,10.51,10.62,4273
04/01/2011,11,11,10.51,10.7,34719
03/31/2011,10.62,11.0001,10.62,10.81,11685
03/30/2011,11.0001,11.06,10.6,10.6,20107
03/29/2011,10.96,11.1,10.57,10.9697,12794
03/28/2011,11,11.08,10.94,10.96,21032
03/25/2011,10.6,11.14,10.57,10.93,36903
03/24/2011,10.47,10.649,10.3,10.49,34839
03/23/2011,10.16,10.35,9.97,10.35,34980
03/22/2011,10.31,10.31,10.22,10.26,14511
03/21/2011,10.46,10.74,10.24,10.26,32571
03/18/2011,10.13,10.42,10.13,10.32,24248
03/17/2011,10.23,10.33,10.02,10.02,32356
03/16/2011,10.18,10.39,10.17,10.25,29561
03/15/2011,9.61,10.339,9.59,10.25,18054
03/14/2011,9.8,9.97,9.72,9.94,15040
03/11/2011,10.15,10.15,9.81,9.8999,32509
03/10/2011,10.27,10.41,9.9,10.0076,35603
03/09/2011,10.26,10.7,10.16,10.43,64537
03/08/2011,10.3,11.1,10.26,10.75,140483
03/07/2011,10.14,10.15,9.55,9.78,31464
03/04/2011,10.5,10.5,9.7,9.99,94509
03/03/2011,10.76,10.86,10.35,10.48,32804
03/02/2011,10.81,10.9,10.3101,10.77,30679
03/01/2011,11.16,11.31,10.5701,10.7,41164
02/28/2011,11.42,11.51,11.061,11.22,30606
02/25/2011,11.04,11.48,11.04,11.41,70066
02/24/2011,11.18,11.18,10.8,11,47317
02/23/2011,11.98,11.98,10.6,11.23,87547
02/22/2011,12.21,12.76,11.81,11.93,112662
02/18/2011,11.98,13,11.98,12.43,198092
02/17/2011,10.35,12.6,10.3,11.92,286865
02/16/2011,10,10.39,9.92,10.36,134589
02/15/2011,8.2,10.41,8.2,10,351818
02/14/2011,8.08,8.09,7.91,8,13227
02/11/2011,8.08,8.12,8,8.0858,19389
02/10/2011,8.1,8.1,7.8501,8.1,7633
02/09/2011,8.17,8.17,7.93,8.06,6291
02/08/2011,7.9,8.19,7.89,8.189,64047
02/07/2011,7.9,8,7.69,7.89,12489
02/04/2011,7.74,7.9,7.73,7.9,2683
02/03/2011,7.89,7.95,7.69,7.95,1300
02/02/2011,7.97,7.98,7.85,7.85,1023
02/01/2011,8.1,8.1,7.93,7.93,2500
01/31/2011,7.745,8.05,7.745,8.05,4380
01/28/2011,8.0595,8.0899,7.56,7.78,8331
01/27/2011,7.9,8.28,7.9,8.09,14915
01/26/2011,7.71,8.03,7.7,7.83,4039
01/25/2011,7.94,7.94,7.592,7.76,3184
01/24/2011,7.73,7.79,7.66,7.75,5908
01/21/2011,7.71,7.91,7.425,7.81,16669
01/20/2011,7.65,7.9,7.65,7.85,3089
01/19/2011,7.8,8,7.65,7.9,13871
01/18/2011,8,8.08,7.7601,7.98,9009
01/14/2011,8,8,7.81,7.9,5250
01/13/2011,7.97,8.07,7.6,7.83,15662
01/12/2011,7.01,8.2,7.01,7.91,87863
01/11/2011,7,7,6.75,6.9,2312
01/10/2011,6.92,6.97,6.85,6.97,3400
01/07/2011,7.23,7.23,7.08,7.12,1272
01/06/2011,6.9065,7.245,6.9065,7.18,3800
01/05/2011,6.96,7.29,6.96,7.29,4601
01/04/2011,7.3,7.3,7,7.1,28730
01/03/2011,7.33,7.33,7.08,7.19,6790
12/31/2010,7,7.28,6.85,7.2,3169
12/30/2010,6.75,7.389,6.75,7.3,7766
12/29/2010,6.97,7.06,6.75,6.8,5921
12/28/2010,7.12,7.12,6.62,7.07,16898
12/27/2010,7.38,7.38,7.06,7.12,14925
12/23/2010,7.045,7.39,7.045,7.37,2750
12/22/2010,7.36,7.39,6.991,7.35,2250
12/21/2010,7.17,7.3799,7.01,7.18,5769
12/20/2010,7.5,7.5,7.185,7.39,3500
12/17/2010,7.36,7.76,7.36,7.76,1005
12/16/2010,7.7799,7.7799,7.49,7.77,1200
12/15/2010,6.93,7.25,6.92,7.25,900
12/14/2010,7.57,7.57,6.96,7.01,15677
12/13/2010,7.79,7.79,7.5,7.61,2268
12/10/2010,7.6,7.78,7.5999,7.69,5240
12/09/2010,7.82,7.82,7.78,7.78,520
12/08/2010,7.4,7.89,7.4,7.8,2904
12/07/2010,7.95,7.95,7.78,7.84,3000
12/06/2010,8.04,8.04,7.79,7.85,4948
12/03/2010,7.49,8,7.49,7.95,19333
12/02/2010,7.41,7.62,7.37,7.4,5175
12/01/2010,7.34,7.55,7.34,7.52,15932
11/30/2010,6.77,7.38,6.77,7.23,19010
11/29/2010,6.18,6.8,5.952,6.8,16662
11/26/2010,6.49,6.49,6.3599,6.3599,2098
11/24/2010,6.91,6.94,6.44,6.44,7200
11/23/2010,6.8,6.99,6.79,6.9001,6145
11/22/2010,7.04,7.041,6.85,6.99,6642
11/19/2010,6.5,7.05,6.5,6.99,14080
11/18/2010,6,6.5,6,6.5,16293
11/17/2010,6.4,6.5,4.97,6,78842
11/16/2010,7.5,7.5,6.25,6.4799,70986
11/15/2010,8.27,8.27,7.6501,7.8,6532
11/12/2010,7.68,7.9375,7.52,7.84,5578
11/11/2010,7.51,8,7.51,7.93,5273
11/10/2010,7.76,8.0199,7.52,7.9,12362
11/09/2010,7.68,7.99,7.5,7.59,10465
11/08/2010,8.06,8.08,7.7,8.05,10010
11/05/2010,8.11,8.4,8.06,8.28,13819
11/04/2010,8,8.2784,7.8,8.185,7632
11/03/2010,7.5,8.06,7.5,8,5716
11/02/2010,7.77,7.81,7.5,7.74,17755
11/01/2010,8.03,8.03,7.8,7.8,16031
10/29/2010,8,8.32,7.95,8.15,27413
10/28/2010,8.55,8.665,8.45,8.49,15101
10/27/2010,8.99,8.99,8.41,8.7,25769
10/26/2010,8.22,9.06,8.13,9.02,60921
10/25/2010,7.94,8.25,7.82,8.13,18800
10/22/2010,7.95,7.95,7.64,7.83,4304
10/21/2010,7.97,7.97,7.7,7.9,8234
10/20/2010,7.76,8,7.6801,7.94,10892
10/19/2010,8,8.2,7.18,7.82,54113
10/18/2010,8.26,8.26,7.96,8.0799,9524
10/15/2010,8,8.36,7.5,8.2,36950
10/14/2010,7.53,8.505,7.22,8.0302,50155
10/13/2010,8.11,8.6,7.5,7.66,103335
10/12/2010,7.15,8.3992,7.15,8.13,145181
10/11/2010,6.98,7.1,6.9,7,16972
10/08/2010,7.02,7.02,6.7701,6.95,19259
10/07/2010,6.63,7.12,6.63,6.95,104630
10/06/2010,6.08,6.76,6.08,6.58,64521
10/05/2010,6.21,6.21,6.08,6.2,11402
10/04/2010,6.29,6.65,6.07,6.17,75662
10/01/2010,5.2,6.05,5.01,6.04,122791
09/30/2010,4.64,4.64,4.47,4.63,1800
09/29/2010,4.65,4.65,4.41,4.56,2868
09/28/2010,4.45,4.65,4.45,4.5,7430
09/27/2010,4.47,4.47,4.35,4.35,3800
09/24/2010,4.39,4.39,4.39,4.39,112
09/23/2010,4.5,4.65,4.38,4.38,4888
09/22/2010,4.69,4.69,4.69,4.69,00
09/21/2010,4.39,4.69,4.3,4.69,20785
09/20/2010,4.45,4.45,4.45,4.45,00
09/17/2010,4.3,4.45,4.29,4.45,6800
09/16/2010,4.3,4.426,4.21,4.26,4243
09/15/2010,4.39,4.45,4.1701,4.3,6816
09/14/2010,4.3,4.3,4.1601,4.1601,886
09/13/2010,4.28,4.32,4.2,4.22,5614
09/10/2010,4.32,4.32,4.17,4.17,2000
09/09/2010,4.25,4.3,4.244,4.3,4236
09/08/2010,4.15,4.31,4.15,4.19,4550
09/07/2010,4.17,4.1701,4.02,4.02,6648
09/03/2010,3.95,4.038,3.95,4.038,2700
09/02/2010,3.82,3.85,3.82,3.85,5500
09/01/2010,3.65,3.7299,3.47,3.7,12042
08/31/2010,3.45,3.45,3.45,3.45,600
08/30/2010,3.5,3.5008,3.45,3.45,4000
08/27/2010,3.35,3.3501,3.35,3.35,1700
08/26/2010,3.39,3.3901,3.38,3.38,8500
08/25/2010,3.41,3.41,3.41,3.41,100
08/24/2010,3.64,3.64,3.56,3.56,1300
08/23/2010,3.41,3.43,3.4,3.42,25299
08/20/2010,3.49,3.5,3.36,3.36,2100
08/19/2010,3.46,3.46,3.45,3.45,650
08/18/2010,3.49,3.5,3.49,3.5,6035
08/17/2010,3.55,3.577,3.5,3.5,1800
08/16/2010,3.4,3.5,3.34,3.36,4096
08/13/2010,3.31,3.4,3.3,3.4,1851
08/12/2010,3.41,3.41,3.41,3.41,00
08/11/2010,3.35,3.41,3.3,3.41,3251
08/10/2010,3.35,3.45,3.35,3.45,1400
08/09/2010,3.45,3.45,3.45,3.45,00
08/06/2010,3.52,3.55,3.36,3.45,5702
08/05/2010,3.46,3.52,3.45,3.5,3200
08/04/2010,3.5,3.5008,3.46,3.4699,2400
08/03/2010,3.35,3.43,3.35,3.43,7300
08/02/2010,3.33,3.57,3.33,3.4,3793
07/30/2010,3.6148,3.6148,3.6148,3.6148,500
07/29/2010,3.62,3.65,3.6,3.61,4700
07/28/2010,3.63,3.63,3.63,3.63,00
07/27/2010,3.62,3.63,3.62,3.63,881
07/26/2010,3.61,3.61,3.61,3.61,00
07/23/2010,3.61,3.61,3.61,3.61,00
07/22/2010,3.61,3.61,3.61,3.61,00
07/21/2010,3.52,3.61,3.52,3.61,800
07/20/2010,3.31,3.5905,3.3,3.59,6242
07/19/2010,3.45,3.45,3.45,3.45,00
07/16/2010,3.45,3.5,3.3,3.45,5400
07/15/2010,3.62,3.62,3.43,3.43,700
07/14/2010,3.23,3.58,3.23,3.58,1170
07/13/2010,3.25,3.3001,3.25,3.3,2846
07/12/2010,3.6,3.64,3.17,3.36,35816
07/09/2010,3.6,3.6,3.5,3.55,1670
07/08/2010,3.55,3.55,3.549,3.549,2500
07/07/2010,3.15,3.5499,3.15,3.5499,1700
07/06/2010,3.11,3.12,3.1,3.1,11600
07/02/2010,3.01,3.01,3.01,3.01,00
07/01/2010,3.19,3.19,3.01,3.01,24015
06/30/2010,3.17,3.17,3.09,3.1,4050
06/29/2010,3.3,3.3,3.19,3.19,1200
06/28/2010,3.33,3.35,3.33,3.35,2700
06/25/2010,3.35,3.35,3.35,3.35,00
06/24/2010,3.38,3.45,3.32,3.35,6649
06/23/2010,3.4,3.43,3.4,3.43,400
06/22/2010,3.35,3.35,3.35,3.35,00
06/21/2010,3.35,3.35,3.35,3.35,1000
06/18/2010,3.46,3.46,3.32,3.32,4279
06/17/2010,3.52,3.6,3.32,3.32,1879
06/16/2010,3.4,3.4,3.4,3.4,100
06/15/2010,3.4,3.4,3.4,3.4,00
06/14/2010,3.4,3.42,3.4,3.4,14097
06/11/2010,3.4,3.4,3.388,3.4,600
06/10/2010,3.42,3.42,3.32,3.32,5284
06/09/2010,3.51,3.56,3.32,3.359,10877
06/08/2010,3.35,3.35,3.35,3.35,600
06/07/2010,3.3501,3.37,3.3501,3.37,5100
06/04/2010,3.38,3.41,3.35,3.41,6700
06/03/2010,3.39,3.42,3.39,3.42,8301
06/02/2010,3.45,3.51,3.41,3.41,12000
06/01/2010,3.54,3.54,3.54,3.54,00
05/28/2010,3.43,3.54,3.43,3.54,21800
05/27/2010,3.36,3.36,3.36,3.36,00
05/26/2010,3.42,3.42,3.36,3.36,5000
05/25/2010,3.49,3.5001,3.41,3.41,4950
05/24/2010,3.52,3.52,3.48,3.48,1800
05/21/2010,3.69,3.69,3.54,3.54,1500
05/20/2010,3.7499,3.7499,3.7499,3.7499,00
05/19/2010,3.7499,3.7499,3.7499,3.7499,00
05/18/2010,3.7399,3.7499,3.7399,3.7499,200
05/17/2010,3.41,3.41,3.41,3.41,420
05/14/2010,3.41,3.41,3.41,3.41,2600
05/13/2010,3.4299,3.4299,3.41,3.41,1100
05/12/2010,3.5,3.5,3.5,3.5,00
05/11/2010,3.5,3.5,3.5,3.5,00
05/10/2010,3.5,3.51,3.5,3.5,12711
05/07/2010,3.38,3.38,3.38,3.38,100
05/06/2010,3.37,3.37,3.37,3.37,00
05/05/2010,3.37,3.37,3.37,3.37,00
05/04/2010,3.37,3.37,3.37,3.37,00
05/03/2010,3.49,3.53,3.37,3.37,62601
04/30/2010,3.54,3.54,3.53,3.53,400
04/29/2010,3.57,3.57,3.49,3.49,32660
04/28/2010,3.59,3.65,3.445,3.51,20201
04/27/2010,3.715,3.72,3.5,3.5,21900
04/26/2010,3.74,3.74,3.7,3.7,600
04/23/2010,3.78,3.78,3.78,3.78,00
04/22/2010,3.78,3.78,3.78,3.78,00
04/21/2010,3.9,3.9,3.78,3.78,2600
04/20/2010,3.72,3.95,3.66,3.67,9820
04/19/2010,3.66,3.66,3.66,3.66,300
04/16/2010,3.8999,3.8999,3.8999,3.8999,00
04/15/2010,3.9001,3.9001,3.63,3.8999,850
04/14/2010,3.89,3.95,3.71,3.95,13001
04/13/2010,3.94,3.95,3.7601,3.7601,4550
04/12/2010,3.81,3.93,3.81,3.8401,5260
04/09/2010,3.35,3.84,3.35,3.75,24447
04/08/2010,3.17,3.18,3.17,3.18,506
04/07/2010,3.38,3.38,3.38,3.38,00
04/06/2010,3.38,3.38,3.38,3.38,00
04/05/2010,3.5,3.6,3.21,3.38,8864
04/01/2010,3.26,3.4399,3.2,3.36,13955
03/31/2010,3.4,3.4,3.35,3.35,1100
03/30/2010,3.4,3.41,3.35,3.37,21112
03/29/2010,3.58,3.58,3.58,3.58,00
03/26/2010,3.36,3.6,3.35,3.58,2500
03/25/2010,3.35,3.35,3.35,3.35,00
03/24/2010,3.38,3.46,3.33,3.35,8400
03/23/2010,3.3801,3.3801,3.3801,3.3801,00
03/22/2010,3.3801,3.3801,3.3801,3.3801,100
03/19/2010,3.4501,3.4501,3.4501,3.4501,00
03/18/2010,3.485,3.485,3.45,3.4501,1100
03/17/2010,3.36,3.4123,3.35,3.4123,4535
03/16/2010,3.63,3.63,3.43,3.45,34014
03/15/2010,3.8,3.82,3.61,3.74,10029
03/12/2010,3.9001,3.9001,3.9001,3.9001,200
03/11/2010,3.7,3.945,3.7,3.9,2600
03/10/2010,3.9,3.9,3.7,3.78,2700
03/09/2010,4,4,3.9001,3.9001,950
03/08/2010,4.01,4.01,4.01,4.01,1000
03/05/2010,4.07,4.07,4.0699,4.07,2200
03/04/2010,3.99,4,3.99,4,700
03/03/2010,4.1,4.1,3.9999,3.9999,600
03/02/2010,4.0501,4.0501,4.05,4.05,5500
03/01/2010,4.05,4.06,4.05,4.05,1800
02/26/2010,4.05,4.052,4.05,4.05,9800
02/25/2010,4.1,4.1,4.1,4.1,00
02/24/2010,4.07,4.1,4.07,4.1,1080
02/23/2010,4.0899,4.0901,4.0899,4.09,1300
02/22/2010,4.14,4.14,4.135,4.135,400
02/19/2010,4.05,4.05,4.05,4.05,1000
02/18/2010,4.08,4.08,4.08,4.08,00
02/17/2010,4.1,4.1,4.05,4.08,1700
02/16/2010,4.1,4.1,4.1,4.1,6000
02/12/2010,4.05,4.05,4.05,4.05,00
02/11/2010,4.0501,4.085,4.05,4.05,15400
02/10/2010,4.34,4.34,4.1601,4.1601,450
02/09/2010,4.21,4.3399,4.21,4.3399,450
02/08/2010,4.08,4.1,4.08,4.1,5800
02/05/2010,4.05,4.1,4.05,4.1,11300
02/04/2010,4.26,4.26,4.08,4.08,12704
02/03/2010,4.5,4.5,4.5,4.5,00
02/02/2010,4.5,4.5,4.5,4.5,1000
02/01/2010,4.08,4.13,4.08,4.13,1100
01/29/2010,4.4,4.4001,4.05,4.13,1800
01/28/2010,4.4,4.4,4.32,4.32,385
01/27/2010,4.21,4.47,4.21,4.4,4457
01/26/2010,4.16,4.2127,4.15,4.2127,34075
01/25/2010,4.18,4.18,4.18,4.18,00
01/22/2010,4.18,4.18,4.18,4.18,00
01/21/2010,4.17,4.18,4.17,4.18,3200
01/20/2010,4.3,4.3,4.1,4.11,10900
01/19/2010,4.16,4.4,4.15,4.4,20066
01/15/2010,4.2501,4.2501,4.2501,4.2501,00
01/14/2010,4.2501,4.2501,4.2501,4.2501,00
01/13/2010,4.23,4.2601,4.23,4.2501,9366
01/12/2010,4.24,4.25,4.15,4.15,4079
01/11/2010,4.17,4.24,4.15,4.24,1000
01/08/2010,4.15,4.35,4.1499,4.17,37300
01/07/2010,4.2,4.21,4.15,4.15,10350
01/06/2010,4.1822,4.1822,4.1822,4.1822,00
01/05/2010,4.4,4.42,4.1822,4.1822,2550
01/04/2010,4.16,4.42,4.16,4.42,400
12/31/2009,4.15,4.15,4.15,4.15,00
12/30/2009,4.15,4.15,4.15,4.15,00
12/29/2009,4.2,4.41,4.15,4.15,4923
12/28/2009,4.43,4.43,4.15,4.16,1488
12/24/2009,4.37,4.43,4.34,4.43,3381
12/23/2009,4.3,4.3,4.3,4.3,500
12/22/2009,4.07,4.25,3.97,4.22,14300
12/21/2009,4.09,4.1,4,4,9000
12/18/2009,4,4.095,4,4.0899,13405
12/17/2009,3.86,4.49,3.86,4,32993
12/16/2009,3.86,3.86,3.6,3.6,5807
12/15/2009,3.61,3.62,3.61,3.61,2570
12/14/2009,3.78,3.78,3.78,3.78,00
12/11/2009,3.78,3.78,3.78,3.78,3000
12/10/2009,3.55,3.55,3.55,3.55,2151
12/09/2009,3.65,3.65,3.65,3.65,00
12/08/2009,3.94,3.94,3.505,3.65,1375
12/07/2009,4.249,4.25,3.9999,3.9999,600
12/04/2009,3.5001,3.52,3.5001,3.52,564
12/03/2009,3.51,3.6599,3.5,3.6599,4900
12/02/2009,3.69,3.69,3.54,3.54,2436
12/01/2009,3.5,3.69,3.5,3.6899,12300
11/30/2009,3.54,3.68,3.5,3.5,11400
11/27/2009,3.52,3.555,3.52,3.52,3128
11/25/2009,3.39,3.67,3.39,3.67,4678
11/24/2009,3.41,3.41,3.3999,3.3999,1100
11/23/2009,3.32,3.32,3.32,3.32,00
11/20/2009,3.36,3.86,3.32,3.32,51848
11/19/2009,3.55,3.565,3.32,3.32,15517
11/18/2009,3.85,4.05,3.6,3.67,6448
11/17/2009,4.5,4.5,3.7,3.815,13534
11/16/2009,4.5,4.55,4.5,4.55,700
11/13/2009,4.58,4.59,4.2,4.2,5953
11/12/2009,4.6,4.7,4.5,4.5,7500
11/11/2009,4.65,4.74,4.65,4.72,1000
11/10/2009,4.845,4.845,4.845,4.845,00
11/09/2009,4.845,4.845,4.845,4.845,100
11/06/2009,4.91,4.91,4.6015,4.6015,1300
11/05/2009,4.58,4.92,4.57,4.905,1650
11/04/2009,4.75,4.75,4.69,4.7,4450
11/03/2009,4.94,4.94,4.8,4.8,1921
11/02/2009,4.77,4.77,4.69,4.7,2350
10/30/2009,4.8,4.8,4.8,4.8,00
10/29/2009,4.5,4.9,4.5,4.8,11270
10/28/2009,4.57,4.57,4.44,4.44,6898
10/27/2009,4.7,4.94,4.48,4.67,15911
10/26/2009,4.39,4.9,4.39,4.56,7250
10/23/2009,4.502,4.502,4.49,4.49,700
10/22/2009,4.43,4.95,4.4101,4.95,4794
10/21/2009,4.45,4.65,4.28,4.55,42558
10/20/2009,4.15,4.155,4.15,4.15,2805
10/19/2009,4.21,4.21,4.17,4.17,1600
10/16/2009,4.15,4.15,4.15,4.15,00
10/15/2009,4.15,4.15,4.15,4.15,1300
10/14/2009,4.13,4.4,4.13,4.4,5436
10/13/2009,4.29,4.2999,4.29,4.2999,441
10/12/2009,4.0999,4.2999,4.095,4.2999,2000
10/09/2009,3.98,3.98,3.9601,3.965,1125
10/08/2009,4.1,4.1,4.0999,4.0999,2200
10/07/2009,3.9,4.24,3.9,4.2,1252
10/06/2009,4.05,4.05,4.05,4.05,00
10/05/2009,4.05,4.05,4.05,4.05,500
10/02/2009,4.17,4.17,4.17,4.17,00
10/01/2009,4.0201,4.17,4.0201,4.17,2200
09/30/2009,4.18,4.37,4.18,4.285,700
09/29/2009,3.97,4.31,3.95,4.31,10300
09/28/2009,3.99,3.99,3.95,3.9501,2604
09/25/2009,4.26,4.26,4.26,4.26,00
09/24/2009,4.26,4.26,4.26,4.26,00
09/23/2009,4.19,4.3499,4.19,4.26,29698
09/22/2009,4.0999,4.1001,4.09,4.099,7207
09/21/2009,4.05,4.1299,4.05,4.11,2643
09/18/2009,4.34,4.34,4.34,4.34,180
09/17/2009,3.9775,4.45,3.9499,4.1199,36282
09/16/2009,3.84,3.85,3.8,3.8,3200
09/15/2009,3.45,3.85,3.45,3.62,15905
09/14/2009,3.3999,3.4,3.3997,3.4,4300
09/11/2009,3.5,3.5,3.361,3.361,1000
09/10/2009,3.37,3.37,3.37,3.37,00
09/09/2009,3.4,3.4,3.31,3.37,9100
09/08/2009,3.3,3.4,3.3,3.4,22300
09/04/2009,3.27,3.27,3.27,3.27,00
09/03/2009,3.3,3.3,3.26,3.27,5260
09/02/2009,3.32,3.32,3.32,3.32,604
09/01/2009,3.32,3.32,3.3199,3.3199,400
08/31/2009,3.32,3.32,3.32,3.32,00
08/28/2009,3.32,3.32,3.32,3.32,00
08/27/2009,3.46,3.46,3.32,3.32,200
08/26/2009,3.37,3.37,3.37,3.37,600
08/25/2009,3.42,3.53,3.4,3.53,1200
08/24/2009,3.41,3.55,3.26,3.26,9800
08/21/2009,3.4099,3.4099,3.4099,3.4099,1000
08/20/2009,3.48,3.48,3.31,3.31,2916
08/19/2009,3.55,3.55,3.3,3.3,2016
08/18/2009,3.25,3.25,3.25,3.25,00
08/17/2009,3.25,3.25,3.19,3.25,14670
08/14/2009,3.05,3.19,2.9,3.19,2498
08/13/2009,3.276,3.276,3.276,3.276,175
08/12/2009,3.3801,3.3801,3.26,3.3001,4300
08/11/2009,3.37,3.37,3.37,3.37,00
08/10/2009,3.27,3.37,3.26,3.37,2800
08/07/2009,3.26,3.49,3.25,3.25,3300
08/06/2009,3.58,3.58,3.58,3.58,00
08/05/2009,3.25,3.58,3.25,3.58,2100
08/04/2009,3.25,3.25,3.25,3.25,900
08/03/2009,3.3201,3.3201,3.26,3.26,1000
07/31/2009,3.5,3.5,3.368,3.368,1400
07/30/2009,3.5,3.6399,3.5,3.53,4460
07/29/2009,3.39,3.4,3.39,3.4,1200
07/28/2009,3.15,3.15,3.15,3.15,00
07/27/2009,3.37,3.37,3.15,3.15,200
07/24/2009,3.15,3.22,3.15,3.2199,4000
07/23/2009,3.15,3.18,3.15,3.18,9855
07/22/2009,3.25,3.25,3.25,3.25,1000
07/21/2009,3.26,3.26,3.25,3.25,900
07/20/2009,3.15,3.2,3.15,3.2,20000
07/17/2009,3.15,3.15,3.15,3.15,4000
07/16/2009,3.152,3.16,3.15,3.16,21700
07/15/2009,3.16,3.2501,3.16,3.25,7100
07/14/2009,3.16,3.1601,3.16,3.16,3650
07/13/2009,3.16,3.16,3.16,3.16,00
07/10/2009,3.15,3.2401,3.15,3.16,7450
07/09/2009,3.3,3.37,3.15,3.15,18296
07/08/2009,3.35,3.35,3.2101,3.2101,4000
07/07/2009,3.17,3.2001,3.15,3.17,34300
07/06/2009,3.15,3.17,3.15,3.17,1250
07/02/2009,3.269,3.269,3.269,3.269,00
07/01/2009,3.155,3.269,3.15,3.269,1400
06/30/2009,3.15,3.3499,3.15,3.15,2200
06/29/2009,3.11,3.11,3.11,3.11,00
06/26/2009,3.11,3.11,3.11,3.11,00
06/25/2009,3.11,3.11,3.11,3.11,5000
06/24/2009,3.1,3.1,3.1,3.1,00
06/23/2009,3.05,3.1,3.05,3.1,3200
06/22/2009,3.1,3.1,3.1,3.1,100
06/19/2009,3.15,3.3,3.15,3.27,14930
06/18/2009,3.09,3.09,3.09,3.09,00
06/17/2009,3.09,3.09,3.09,3.09,00
06/16/2009,3.09,3.0901,3.09,3.09,2100
06/15/2009,3.1,3.1001,3.1,3.1,4473
06/12/2009,3.2484,3.2484,3.2484,3.2484,1000
06/11/2009,3.09,3.11,3.09,3.11,2400
06/10/2009,3.05,3.19,3.05,3.19,7030
06/09/2009,3.03,3.03,3.03,3.03,00
06/08/2009,3.12,3.18,3.03,3.03,4700
06/05/2009,3.05,3.18,3.05,3.05,3140
06/04/2009,3.03,3.03,3.03,3.03,00
06/03/2009,3.05,3.11,3.03,3.03,16000
06/02/2009,3.01,3.0101,3.01,3.01,3700
06/01/2009,3.12,3.21,3.12,3.14,19045
05/29/2009,3.12,3.177,3.12,3.12,4420
05/28/2009,3.15,3.15,3.08,3.12,36600
05/27/2009,3.1,3.102,3.1,3.102,3500
05/26/2009,3.08,3.2099,3.08,3.1,7780
05/22/2009,3.01,3.1301,3.01,3.12,24376
05/21/2009,2.95,3.06,2.95,3.06,3100
05/20/2009,3.1,3.1,3,3.04,1000
05/19/2009,2.88,3.15,2.87,2.9,15850
05/18/2009,3.19,3.19,2.76,2.87,12225
05/15/2009,3.07,3.07,2.66,2.66,29147
05/14/2009,3.73,3.73,3.05,3.18,51913
05/13/2009,4.11,4.11,4.11,4.11,00
05/12/2009,4.1199,4.1199,3.99,4.11,5262
05/11/2009,4.2,4.22,4.12,4.12,5300
05/08/2009,4.2104,4.2104,4.1,4.1,1800
05/07/2009,4.05,4.24,4.05,4.2399,2440
05/06/2009,4.21,4.21,4.05,4.05,4300
05/05/2009,4.21,4.21,4.05,4.05,2300
05/04/2009,4.23,4.25,4.23,4.23,2354
05/01/2009,4.1,4.1001,4.1,4.1001,1692
04/30/2009,4,4.25,3.97,4.1,4846
04/29/2009,4.01,4.01,3.96,3.9982,3700
04/28/2009,4.2501,4.2501,4.25,4.25,400
04/27/2009,3.92,4.3,3.92,4.264,2200
04/24/2009,3.92,4,3.92,4,990
04/23/2009,4.15,4.3,4.0899,4.3,3800
04/22/2009,4.29,4.29,4.29,4.29,00
04/21/2009,4.29,4.29,4.29,4.29,100
04/20/2009,4.06,4.32,4,4.2106,11600
04/17/2009,4.13,4.74,4.13,4.36,9903
04/16/2009,4.42,4.42,4.4199,4.4199,700
04/15/2009,3.87,4.402,3.87,4.02,14100
04/14/2009,3.99,4.4,3.86,3.86,16125
04/13/2009,4.01,4.0201,3.832,3.832,2451
04/09/2009,3.84,4.05,3.84,4.03,11655
04/08/2009,3.76,3.77,3.76,3.76,8200
04/07/2009,3.76,3.81,3.75,3.78,19039
04/06/2009,3.7701,3.7899,3.51,3.7501,4072
04/03/2009,3.75,3.75,3.75,3.75,400
04/02/2009,4.33,4.4,4.11,4.12,7840
04/01/2009,3.47,4.97,3.25,4.4,49007
03/31/2009,3.49,3.4901,3.45,3.49,4494
03/30/2009,3.36,3.51,3.35,3.45,12700
03/27/2009,3.35,3.5,3.35,3.4,6400
03/26/2009,3,3.35,3,3.25,3200
03/25/2009,3,3,3,3,1000
03/24/2009,2.99,3.01,2.98,3.01,4300
03/23/2009,3.09,3.09,2.96,3.02,3900
03/20/2009,2.98,2.9801,2.98,2.9801,400
03/19/2009,3.0501,3.0501,3.03,3.03,1600
03/18/2009,3.03,3.12,3.0292,3.1,2200
03/17/2009,2.98,3,2.98,2.98,13015
03/16/2009,2.8,3.1,2.8,2.9801,7300
03/13/2009,2.4801,2.4801,2.4801,2.4801,00
03/12/2009,2.4801,2.4801,2.4801,2.4801,100
03/11/2009,2.4,2.4,2.4,2.4,2000
03/10/2009,2.35,2.4,2.35,2.4,18190
03/09/2009,2.51,2.51,2.35,2.35,21600
03/06/2009,2.51,2.51,2.51,2.51,00
03/05/2009,2.64,2.64,2.51,2.51,275
03/04/2009,2.55,2.55,2.55,2.55,00
03/03/2009,2.51,2.55,2.51,2.55,11664
03/02/2009,2.56,2.56,2.51,2.51,3600
02/27/2009,2.5,2.5,2.4999,2.5,3500
02/26/2009,2.52,2.5201,2.51,2.51,4200
02/25/2009,2.53,2.53,2.5299,2.53,2100
02/24/2009,2.62,2.66,2.54,2.6,36800
02/23/2009,2.6101,2.6101,2.6101,2.6101,00
02/20/2009,2.98,2.98,2.61,2.6101,1300
02/19/2009,2.83,2.85,2.82,2.85,20100
02/18/2009,2.82,2.82,2.82,2.82,300
02/17/2009,2.64,2.64,2.64,2.64,00
02/13/2009,3.04,3.04,2.51,2.64,27136
02/12/2009,3.0001,3.0299,3,3.0299,2800
02/11/2009,2.85,2.88,2.85,2.88,8700
02/10/2009,3.45,3.45,2.85,2.85,2346
02/09/2009,3.11,3.11,2.71,3.033,3955
02/06/2009,3.15,3.15,3.15,3.15,00
02/05/2009,3.15,3.15,3.15,3.15,00
02/04/2009,3.15,3.15,3.15,3.15,00
02/03/2009,3.05,3.16,3.05,3.15,12400
02/02/2009,3.1,3.1,3.1,3.1,600
01/30/2009,3.2,3.225,3.2,3.2,11000
01/29/2009,3.2,3.2,3.2,3.2,00
01/28/2009,3.2,3.28,3.2,3.2,23000
01/27/2009,3.2,3.25,3.2,3.2,26400
01/26/2009,3.3,3.3,3.07,3.11,31350
01/23/2009,3.21,3.32,3.21,3.32,51500
01/22/2009,3.25,3.25,3.25,3.25,5000
01/21/2009,3.23,3.23,3.23,3.23,00
01/20/2009,3.31,3.33,3.2,3.23,23400
01/16/2009,3.3,3.3,3.3,3.3,600
01/15/2009,3.26,3.29,3.2,3.2499,3500
01/14/2009,3.45,3.45,3.45,3.45,00
01/13/2009,3.31,3.45,3.2,3.45,15008
01/12/2009,3.46,4.21,3.2501,3.34,5021
01/09/2009,3.2,3.2001,3.2,3.2,900
01/08/2009,3.2,3.23,3.2,3.2,51300
01/07/2009,3.2899,3.29,3.2899,3.29,600
01/06/2009,3.2,3.22,3.098,3.098,48600
01/05/2009,3.15,3.2,3.15,3.2,3850
01/02/2009,3.11,3.15,3.05,3.0999,4600
12/31/2008,3,3.12,3,3.1,3700
12/30/2008,3.01,3.09,3.01,3.0401,2346
12/29/2008,3.05,3.12,3.03,3.0499,4100
12/26/2008,2.9799,3.04,2.9799,3.04,1800
12/24/2008,2.95,2.95,2.95,2.95,6702
12/23/2008,2.95,2.9899,2.95,2.9899,2400
12/22/2008,2.9,2.9599,2.9,2.9599,2004
12/19/2008,2.83,3.02,2.83,2.85,3387
12/18/2008,2.94,2.94,2.94,2.94,900
12/17/2008,3.1,3.1,2.81,2.81,2052
12/16/2008,3.14,3.14,3.14,3.14,100
12/15/2008,2.83,2.83,2.83,2.83,00
12/12/2008,2.81,2.83,2.81,2.83,1492
12/11/2008,3.02,3.02,3.02,3.02,00
12/10/2008,2.81,3.02,2.81,3.02,3600
12/09/2008,3.11,3.11,3.11,3.11,200
12/08/2008,2.91,2.91,2.9,2.9,2100
12/05/2008,2.9001,2.9001,2.9,2.9,800
12/04/2008,2.87,3.05,2.87,2.89,6178
12/03/2008,2.84,2.84,2.75,2.7999,6595
12/02/2008,2.72,2.8,2.72,2.8,2291
12/01/2008,2.9999,2.9999,2.7,2.7,2350
11/28/2008,2.89,2.89,2.89,2.89,2500
11/26/2008,2.55,2.83,2.55,2.83,10432
11/25/2008,2.49,2.49,2.32,2.32,3409
11/24/2008,2.5,2.5,2.39,2.4,80150
11/21/2008,2.7,2.7,2.25,2.25,7300
11/20/2008,2.57,2.7,2.5399,2.6,9700
11/19/2008,2.2,2.4999,2.18,2.4999,1100
11/18/2008,2.3,2.3,2.09,2.3,88706
11/17/2008,2.31,2.31,2.3,2.3,1460
11/14/2008,2.3,2.35,2.27,2.3,10850
11/13/2008,2.29,2.29,2.29,2.29,200
11/12/2008,2.21,2.21,2.02,2.19,20010
11/11/2008,2.2268,2.2268,2.22,2.22,5554
11/10/2008,2.31,2.35,2.31,2.35,44518
11/07/2008,2.4,2.4,2.21,2.4,34669
11/06/2008,2.4,2.4,2.38,2.4,11485
11/05/2008,2.448,2.448,2.42,2.42,2600
11/04/2008,2.5,2.5,2.4999,2.5,10450
11/03/2008,2.6,2.6,2.46,2.47,6700
10/31/2008,2.48,2.68,2.45,2.59,27280
10/30/2008,2.5,2.5,2.47,2.47,16200
10/29/2008,2.58,2.58,2.42,2.42,23000
10/28/2008,2.85,2.85,2.66,2.68,78380
10/27/2008,2.9,2.9,2.8,2.8001,11400
10/24/2008,2.77,2.9,2.7599,2.9,7500
10/23/2008,3,3.01,2.91,3,10600
10/22/2008,3.25,3.25,3.15,3.2,3800
10/21/2008,3,3.5,3,3.3,111767
10/20/2008,2.86,2.98,2.85,2.859,1597
10/17/2008,3,3,2.8,2.85,17204
10/16/2008,3,3,2.8,2.8,9200
10/15/2008,2.8,2.8,2.8,2.8,00
10/14/2008,2.8,2.81,2.71,2.8,19505
10/13/2008,3.54,3.54,2.61,2.7999,39700
10/10/2008,3.13,3.13,2.59,2.59,3400
10/09/2008,2.99,3.75,2.85,2.85,7995
10/08/2008,2.99,2.99,2.81,2.98,6350
10/07/2008,3.2,3.21,3.02,3.08,24586
10/06/2008,3.21,3.25,3.2,3.2,4600
10/03/2008,3.53,3.53,3.5,3.5,12000
10/02/2008,3.6,3.6,3.5,3.5001,3000
10/01/2008,3.75,3.75,3.6465,3.6499,2950
09/30/2008,3.6,3.61,3.45,3.5,20778
09/29/2008,3.7,3.7,3.6,3.68,20450
09/26/2008,3.8001,3.8001,3.8,3.8,450
09/25/2008,3.85,3.85,3.85,3.85,100
09/24/2008,3.8999,3.8999,3.8999,3.8999,00
09/23/2008,3.8999,3.8999,3.8999,3.8999,00
09/22/2008,3.95,3.95,3.8999,3.8999,10300
09/19/2008,4.06,4.06,3.7,4,2500
09/18/2008,4.07,4.07,4.07,4.07,300
09/17/2008,4.0599,4.0599,3.8,3.8,5803
09/16/2008,4.13,4.141,4.04,4.072,1400
09/15/2008,4.2,4.2399,4.2,4.2399,2650
09/12/2008,4.2,4.24,4.2,4.24,3400
09/11/2008,4.2,4.245,4.2,4.245,4409
09/10/2008,4.2,4.22,4.2,4.21,2500
09/09/2008,4.2,4.2,4.2,4.2,1400
09/08/2008,4.15,4.2,4.15,4.2,2871
09/05/2008,4.18,4.18,4.1799,4.1799,1300
09/04/2008,4.2,4.24,4.2,4.24,2200
09/03/2008,4.206,4.206,4.206,4.206,00
09/02/2008,4.2,4.206,4.2,4.206,16950
08/29/2008,4.2,4.33,4.2,4.25,2100
08/28/2008,4.12,4.13,4.11,4.11,1750
08/27/2008,4.105,4.105,4.105,4.105,00
08/26/2008,4.25,4.25,4.105,4.105,4200
08/25/2008,4.09,4.09,4.09,4.09,800
08/22/2008,4.15,4.15,4.08,4.09,20659
08/21/2008,4.15,4.25,4.05,4.21,8682
08/20/2008,4.4,4.4,4.2,4.3,13900
08/19/2008,4.6,4.6,4.42,4.47,6626
08/18/2008,4.6,4.6,4.51,4.6,700
08/15/2008,4.55,4.75,4.55,4.75,3500
08/14/2008,4.4,4.54,4.37,4.53,6400
08/13/2008,4.15,4.5,4.15,4.44,1600
08/12/2008,4.05,4.4901,4.05,4.41,30749
08/11/2008,4.09,4.3,4.01,4.24,9400
08/08/2008,4.05,4.05,4.05,4.05,1400
08/07/2008,4.09,4.1518,3.9501,4.1518,3705
08/06/2008,4.05,4.07,4.05,4.07,2000
08/05/2008,4.06,4.06,3.92,3.94,2700
08/04/2008,4.01,4.01,4.01,4.01,00
08/01/2008,4,4.01,4,4.01,1400
07/31/2008,4.0999,4.1,4.0999,4.1,700
07/30/2008,3.73,4.07,3.73,4.07,6900
07/29/2008,3.75,3.75,3.75,3.75,500
07/28/2008,3.75,3.76,3.54,3.6,2164
07/25/2008,3.69,3.92,3.69,3.75,5311
07/24/2008,3.56,3.67,3.56,3.67,4768
07/23/2008,3.56,3.6,3.45,3.5,3400
07/22/2008,3.502,3.502,3.502,3.502,00
07/21/2008,3.49,3.55,3.45,3.502,15953
07/18/2008,3.3,3.3,3.3,3.3,300
07/17/2008,3.3,3.3001,3.3,3.3001,4000
07/16/2008,3.3001,3.3001,3.3001,3.3001,150
07/15/2008,3.23,3.254,3.2,3.2,32266
07/14/2008,3.3,3.31,3.3,3.3,9900
07/11/2008,3.3,3.303,3.3,3.3,10900
07/10/2008,3.25,3.288,3.25,3.28,16000
07/09/2008,3.25,3.5,3.25,3.27,27444
07/08/2008,3.3,3.3,3.2,3.21,4600
07/07/2008,3.45,3.45,3.25,3.274,61400
07/03/2008,3.47,3.47,3.4,3.4,4606
07/02/2008,3.3,3.49,3.3,3.31,4175
07/01/2008,3.19,3.19,3.1,3.15,3400
06/30/2008,3.4,3.4,3.26,3.26,6984
06/27/2008,3.16,3.16,3.15,3.15,4900
06/26/2008,3.46,3.46,3.15,3.15,3800
06/25/2008,3.32,3.48,3.32,3.48,5600
06/24/2008,3.5,3.5,3.15,3.19,2500
06/23/2008,3.46,3.9,3.24,3.51,11875
06/20/2008,3.2,3.47,3.15,3.32,21629
06/19/2008,3.15,3.2,3.15,3.2,11900
06/18/2008,3.15,3.29,3.15,3.15,3800
06/17/2008,3.16,3.28,3.15,3.18,14327
06/16/2008,3.4,3.4,3.15,3.19,25350
06/13/2008,3.2,3.2,3.15,3.15,7140
06/12/2008,3.25,3.25,3.15,3.25,6413
06/11/2008,3.34,3.34,3.3299,3.3299,1300
06/10/2008,3.34,3.34,3.34,3.34,400
06/09/2008,3.31,3.31,3.293,3.293,500
06/06/2008,3.25,3.25,3.2,3.2,2000
06/05/2008,3.24,3.3,3.22,3.22,2470
06/04/2008,3.29,3.3,3.26,3.26,2058
06/03/2008,3.33,3.34,3.25,3.3,2400
06/02/2008,3.2,3.31,3.2,3.27,4015
05/30/2008,3.06,3.4,3.06,3.16,8130
05/29/2008,3.11,3.85,3,3.06,14700
05/28/2008,3.41,3.41,3.08,3.25,4497
05/27/2008,2.96,2.96,2.96,2.96,00
05/23/2008,2.93,3,2.9,2.96,14200
05/22/2008,3.1799,3.1799,2.88,2.93,7400
05/21/2008,3.01,3.19,3,3.1899,3000
05/20/2008,3.13,3.13,3.1,3.1,1830
05/19/2008,3.05,3.05,3.02,3.02,7700
05/16/2008,3.4,3.4,3.2,3.2,3100
05/15/2008,3.51,3.51,3.11,3.27,10400
05/14/2008,3.7,3.7,3.7,3.7,3000
05/13/2008,3.6,3.62,3.6,3.6,600
05/12/2008,3.46,3.75,3.46,3.69,12750
05/09/2008,3.46,3.74,3.45,3.74,700
05/08/2008,3.7499,3.7499,3.7499,3.7499,100
05/07/2008,3.9,3.9,3.52,3.65,1550
05/06/2008,3.91,3.95,3.6301,3.89,3142
05/05/2008,3.68,3.69,3.68,3.68,500
05/02/2008,3.45,4,3.45,3.6601,11933
05/01/2008,3.46,3.7,3.41,3.54,8650
04/30/2008,3.43,3.52,3.43,3.46,4227
04/29/2008,3.28,3.42,3.2,3.42,2500
04/28/2008,3.27,3.3,3.2,3.27,2967
04/25/2008,3.29,3.29,3.21,3.25,3800
04/24/2008,3.16,3.16,3.16,3.16,3000
04/23/2008,3.21,3.22,3.18,3.18,1300
04/22/2008,3.22,3.39,3.22,3.22,3400
04/21/2008,3.12,3.1999,3.11,3.1999,1301
04/18/2008,3.1,3.12,3.08,3.12,9000
04/17/2008,3.09,3.12,3.04,3.12,1599
04/16/2008,3.35,3.35,3.0001,3.09,11203
04/15/2008,2.9,3.25,2.9,3.01,15495
04/14/2008,2.81,2.94,2.79,2.8,35070
04/11/2008,2.87,2.87,2.86,2.87,2200
04/10/2008,2.95,3,2.9,2.91,33750
04/09/2008,2.94,2.96,2.8,2.96,12250
04/08/2008,2.9001,2.9501,2.9,2.9,7200
04/07/2008,2.95,2.98,2.89,2.89,19821
04/04/2008,2.906,3,2.88,2.9,13420
04/03/2008,3,3.0001,2.85,2.89,10640
04/02/2008,3.02,3.0501,3,3.05,9400
04/01/2008,3.05,3.09,3.05,3.07,8430
03/31/2008,3,3.0801,3,3.0801,6900
03/28/2008,3.06,3.18,3.05,3.1701,3500
03/27/2008,3.03,3.13,3.03,3.13,951
03/26/2008,3.05,3.15,3.05,3.15,4476
03/25/2008,3.16,3.205,3.02,3.02,22000
03/24/2008,3.22,3.22,3.22,3.22,100
03/20/2008,3.24,3.24,3.01,3.184,21603
03/19/2008,3.21,3.3101,3.15,3.15,14556
03/18/2008,3.31,3.31,3.16,3.2,11300
03/17/2008,3.26,3.4,3.26,3.4,600
03/14/2008,3.35,3.35,3.25,3.26,7400
03/13/2008,3.27,3.4099,3.27,3.35,5550
03/12/2008,3.35,3.35,3.25,3.27,8000
03/11/2008,3.35,3.52,3.28,3.28,19622
03/10/2008,3.24,3.38,3.1999,3.29,4100
03/07/2008,3.39,3.3901,3.23,3.25,7800
03/06/2008,3.35,3.4,3.35,3.36,3000
03/05/2008,3.3501,3.41,3.3501,3.41,6900
03/04/2008,3.36,3.49,3.25,3.3,7100
03/03/2008,3.4,3.55,3.3,3.43,8000
02/29/2008,3.27,3.27,3.27,3.27,00
02/28/2008,3.29,3.434,3.27,3.27,16200
02/27/2008,3.47,3.6,3.47,3.54,25375
02/26/2008,3.3,3.4901,3.2701,3.48,19498
02/25/2008,3.19,3.5,3.19,3.35,10400
02/22/2008,3.2601,3.34,3.25,3.34,1098
02/21/2008,3.48,3.55,3.4499,3.4499,2270
02/20/2008,3.38,3.3801,3.38,3.38,400
02/19/2008,3.26,3.51,3.26,3.38,4150
02/15/2008,3.3799,3.4901,3.35,3.4901,9100
02/14/2008,3.33,3.33,3.33,3.33,600
02/13/2008,3.3499,3.3499,3.25,3.34,4200
02/12/2008,3.22,3.45,3.22,3.39,4800
02/11/2008,3.28,3.31,3.28,3.31,2300
02/08/2008,3.33,3.44,3.05,3.28,26159
02/07/2008,3.4,3.4,3.29,3.35,10400
02/06/2008,3.33,3.36,3.33,3.36,900
02/05/2008,3.66,3.71,3.39,3.39,4015
02/04/2008,3.5099,3.51,3.5099,3.51,500
02/01/2008,3.4099,3.65,3.4099,3.5,2900
01/31/2008,3.41,3.46,3.39,3.39,900
01/30/2008,3.37,3.67,3.02,3.37,32415
01/29/2008,3.48,3.48,3.27,3.27,2900
01/28/2008,3.41,3.69,3.41,3.44,1200
01/25/2008,3.27,3.39,3.26,3.36,2000
01/24/2008,3.2001,3.5499,3.2,3.34,9000
01/23/2008,3.25,3.3,3.1,3.19,10900
01/22/2008,3.31,3.31,2.66,3.27,4900
01/18/2008,3.31,3.4499,2.9,3.4,10875
01/17/2008,3.61,3.71,3.3,3.3,63525
01/16/2008,3.59,3.92,3.59,3.69,3150
01/15/2008,3.9,3.9,3.61,3.69,15811
01/14/2008,3.26,4.2399,3.2,3.96,54546
01/11/2008,3.218,3.65,3.218,3.44,16307
01/10/2008,3.15,3.33,3.14,3.33,33750
01/09/2008,3.51,3.51,3.15,3.2,24750
01/08/2008,3.56,3.56,3.55,3.55,700
01/07/2008,3.8,3.8,3.5,3.57,15538
01/04/2008,3.61,3.64,3.61,3.64,12702
01/03/2008,3.8,3.92,3.62,3.62,41457
01/02/2008,3.97,3.97,3.91,3.92,500
12/31/2007,3.84,3.95,3.61,3.95,26112
12/28/2007,3.81,4,3.8,3.83,6424
12/27/2007,4.39,4.39,3.67,3.78,1150
12/26/2007,3.62,3.95,3.62,3.81,9100
12/24/2007,3.73,3.8,3.61,3.8,8000
12/21/2007,3.97,3.99,3.51,3.97,5570
12/20/2007,3.55,3.94,3.52,3.94,8308
12/19/2007,3.68,3.98,3.51,3.75,12201
12/18/2007,3.71,3.71,3.68,3.68,1800
12/17/2007,3.77,3.77,3.77,3.77,00
12/14/2007,3.79,3.79,3.77,3.77,7300
12/13/2007,3.94,3.98,3.7201,3.8,2761
12/12/2007,3.76,4.9999,3.76,4.21,29338
12/11/2007,3.63,3.74,3.52,3.65,4000
12/10/2007,3.73,3.76,3.68,3.73,13500
12/07/2007,4,4,3.51,3.72,6104
12/06/2007,4.05,4.05,2.9101,3.84,51550
12/05/2007,4.22,4.22,4.22,4.22,00
12/04/2007,4.11,4.22,4.11,4.22,2400
12/03/2007,4.4399,4.4399,4.18,4.18,1400
11/30/2007,4.39,4.41,4.37,4.4099,2880
11/29/2007,4.56,4.56,4.2,4.2,1848
11/28/2007,4.2,4.35,4.2,4.35,5150
11/27/2007,4.15,4.2,4.1,4.14,4648
11/26/2007,4.2399,4.2399,4.2399,4.2399,00
11/23/2007,4.2399,4.2399,4.2399,4.2399,300
11/21/2007,4.13,4.13,4.1,4.1,1500
11/20/2007,4.26,4.3,4.1,4.1,13600
11/19/2007,4.42,4.42,4.29,4.35,4242
11/16/2007,4.27,4.54,4.27,4.35,7676
11/15/2007,4.44,4.44,4.4,4.4,12848
11/14/2007,4.59,4.59,4.59,4.59,200
11/13/2007,3.62,4.56,3.62,4.49,1396
11/12/2007,4.63,4.82,4.35,4.35,33666
11/09/2007,4.91,4.91,4.91,4.91,200
11/08/2007,4.68,4.68,4.65,4.6799,10700
11/07/2007,4.73,4.73,4.71,4.713,4100
11/06/2007,4.75,4.75,4.74,4.74,4200
11/05/2007,4.76,4.86,4.76,4.86,700
11/02/2007,4.89,4.94,4.75,4.75,4700
11/01/2007,4.7,4.72,4.7,4.7,36500
10/31/2007,4.6401,4.85,4.6401,4.84,13950
10/30/2007,4.78,4.78,4.64,4.75,2900
10/29/2007,4.76,4.76,4.75,4.75,500
10/26/2007,4.62,4.75,4.6101,4.75,1400
10/25/2007,4.81,4.81,4.61,4.67,25087
10/24/2007,4.68,4.68,4.61,4.67,3700
10/23/2007,4.75,4.75,4.61,4.69,11380
10/22/2007,4.77,4.88,4.69,4.74,13100
10/19/2007,4.62,4.86,4.46,4.86,51250
10/18/2007,4.59,4.67,4.59,4.64,5173
10/17/2007,4.63,4.646,4.58,4.6,31497
10/16/2007,4.7,4.71,4.7,4.71,700
10/15/2007,4.74,4.74,4.65,4.65,3195
10/12/2007,4.7,4.74,4.7,4.71,10250
10/11/2007,4.74,4.75,4.6,4.75,5220
10/10/2007,4.7576,4.7576,4.6,4.6,3900
10/09/2007,4.62,4.62,4.6,4.62,3400
10/08/2007,4.75,4.75,4.65,4.75,24950
10/05/2007,4.75,4.75,4.65,4.75,4700
10/04/2007,4.84,4.84,4.75,4.75,2000
10/03/2007,4.77,4.77,4.65,4.768,2050
10/02/2007,4.75,4.79,4.75,4.76,2800
10/01/2007,4.8,5.11,4.8,4.8,1900
09/28/2007,5.14,5.14,4.8,4.8,2700
09/27/2007,4.792,4.8,4.75,4.8,16800
09/26/2007,5.02,5.24,4.76,5.08,6000
09/25/2007,5,5.25,4.85,4.91,63644
09/24/2007,5.07,5.36,4.9,5.06,13300
09/21/2007,5.15,5.18,4.84,4.99,10908
09/20/2007,4.75,5.09,4.75,4.85,195350
09/19/2007,5.35,5.46,5.01,5.04,24800
09/18/2007,5.22,5.3901,5.22,5.35,1900
09/17/2007,5.1701,5.2001,5.1701,5.2001,400
09/14/2007,5.3,5.34,5.25,5.25,700
09/13/2007,5.23,5.23,5.15,5.15,1700
09/12/2007,5.21,5.21,5.2,5.2,2000
09/11/2007,5.45,5.54,4.51,5.32,6700
09/10/2007,5.5,5.5,5.5,5.5,200
09/07/2007,5.6,5.77,5.52,5.55,3500
09/06/2007,5.6,5.66,5.43,5.66,5900
09/05/2007,5.6,5.68,5.6,5.68,1400
09/04/2007,6,6,5.6,5.75,1500
08/31/2007,6,6.2,5.07,6.2,7700
08/30/2007,5.96,6,5.8,5.8,1500
08/29/2007,5.8,6.1,5.8,5.95,3800
08/28/2007,6.02,6.02,5.75,6,4300
08/27/2007,5.93,6.1,5.85,6.1,6000
08/24/2007,5.35,5.88,5.32,5.85,3700
08/23/2007,5.3,6,5.15,5.42,8000
08/22/2007,4.9999,6.5,4.9999,5.15,3400
08/21/2007,4.8,5.24,4.8,4.9,13700
08/20/2007,5.25,5.25,4.61,5.1,18900
08/17/2007,5.27,5.27,5.25,5.25,400
08/16/2007,5.4,5.4,5.4,5.4,600
08/15/2007,5.6,5.6,5.4,5.4,1000
08/14/2007,5.989,5.989,5.6,5.6,8000
08/13/2007,5.9,6,5.83,5.97,6600
08/10/2007,5.8,5.856,5.8,5.85,2500
08/09/2007,5.75,5.8,5.73,5.8,1100
08/08/2007,5.85,6.15,5.79,5.8501,6400
08/07/2007,5.9,6.122,5.7,5.7,5600
08/06/2007,5.96,5.96,5.74,5.81,14300
08/03/2007,5.99,6.15,5.91,6.15,1500
08/02/2007,6.1,6.15,5.91,6.1,4800
08/01/2007,5.8,6.14,5.8,6.08,9800
07/31/2007,5.65,6.08,5.6,6.08,8600
07/30/2007,5.07,5.58,5.07,5.58,5700
07/27/2007,5.31,5.31,4.6,5.05,4800
07/26/2007,5.35,5.42,5.35,5.42,15200
07/25/2007,5.151,5.3,5.13,5.3,7200
07/24/2007,5.2,5.2,5.15,5.15,6300
07/23/2007,5.1,5.35,5.1,5.35,2700
07/20/2007,5.32,5.32,5.26,5.26,3300
07/19/2007,5.32,5.32,5.32,5.32,400
07/18/2007,5.27,5.29,5.2,5.2001,6100
07/17/2007,5.35,5.38,5.288,5.36,1600
07/16/2007,5.28,5.38,5.25,5.25,10500
07/13/2007,5,5.29,5,5.25,12700
07/12/2007,5.07,5.29,4.85,4.91,11700
07/11/2007,5.3,5.3,4.66,5.0865,23700
07/10/2007,4.6,4.75,4.49,4.55,8000
07/09/2007,4.88,4.88,4.45,4.6,60800
07/06/2007,5,5.34,4.63,4.9,31400
07/05/2007,5.31,5.31,5.12,5.22,13500
07/03/2007,5.3,5.3,5.3,5.3,00
07/02/2007,5.47,5.47,5.3,5.3,4600
06/29/2007,5.25,5.32,5.22,5.25,5300
06/28/2007,5.35,5.35,5.233,5.317,6100
06/27/2007,5.41,5.51,5.37,5.37,2200
06/26/2007,5.5,5.5,5.1,5.4,9100
06/25/2007,5.77,5.77,5.46,5.55,5000
06/22/2007,5.85,5.85,5.25,5.66,13600
06/21/2007,5.9,5.9,5.822,5.822,200
06/20/2007,5.9,5.9,5.75,5.82,3500
06/19/2007,5.9001,6.05,5.9,5.9199,3000
06/18/2007,5.9,6,5.8,5.8257,5000
06/15/2007,6,6.05,5.99,6.05,1400
06/14/2007,6.1,6.1499,6.1,6.129,500
06/13/2007,6.05,6.1499,6.036,6.036,1800
06/12/2007,5.8,6,5.8,6,200
06/11/2007,5.8901,5.8901,5.8901,5.8901,100
06/08/2007,5.81,5.94,5.8,5.94,7900
06/07/2007,6,6.16,5.93,6,6400
06/06/2007,6.0101,6.0101,6.01,6.01,1700
06/05/2007,6.15,6.15,6.05,6.05,300
06/04/2007,6,6.17,6,6.16,8200
06/01/2007,6.15,6.15,5.86,6,6200
05/31/2007,6.1201,6.239,6.1201,6.18,2500
05/30/2007,6.22,6.23,6.2,6.2,600
05/29/2007,6.22,6.22,6.1001,6.2,1300
05/25/2007,6.2,6.22,6.2,6.22,1200
05/24/2007,6.2199,6.23,6.05,6.2299,2600
05/23/2007,6.13,6.23,6.0401,6.23,3000
05/22/2007,6.151,6.25,6.1,6.14,7700
05/21/2007,6.14,6.2,6.14,6.2,4700
05/18/2007,6.11,6.11,6,6.1,7100
05/17/2007,6.05,6.05,5.78,5.85,22300
05/16/2007,6.25,6.25,6.01,6.05,18700
05/15/2007,6.03,6.65,6,6.2801,48700
05/14/2007,7.01,7.01,6.7,6.74,30100
05/11/2007,6.85,7.1,6.6601,6.9,25200
05/10/2007,7.3,7.35,6.17,6.87,39800
05/09/2007,7.45,7.45,6.96,7.3,20700
05/08/2007,7.05,7.51,7.05,7.45,11200
05/07/2007,6.75,7.3,6.75,7.3,17100
05/04/2007,7.39,7.39,7.1,7.36,5700
05/03/2007,7.52,7.53,7.2001,7.25,8200
05/02/2007,7.48,7.75,7.13,7.37,17400
05/01/2007,8.18,8.18,5.75,7.696,54700
04/30/2007,8.83,8.83,7.5,8.2,27000
04/27/2007,8.95,8.98,8.72,8.83,16800
04/26/2007,8.97,9.25,8.67,8.95,30500
04/25/2007,8.7,8.95,8.6,8.94,17300
04/24/2007,9.04,9.25,8.6,8.7,56100
04/23/2007,8.6,8.95,8.5,8.82,45700
04/20/2007,7.75,8.35,7.75,8.34,52100
04/19/2007,8,8.08,7.59,7.79,24100
04/18/2007,7.23,8.25,7.23,8.05,91800
04/17/2007,7.1,7.41,7,7.24,21800
04/16/2007,7.19,7.3899,6.75,6.99,24500
04/13/2007,7.24,7.39,7.02,7.04,16700
04/12/2007,6.99,7.25,6.99,7.04,18600
04/11/2007,7.25,7.25,6.75,7,33600
04/10/2007,7.25,7.82,7.25,7.4,45800
04/09/2007,6.71,7.44,6.6001,7.3699,43300
04/05/2007,6.14,6.88,6.1,6.75,13800
04/04/2007,6.38,6.5,6.14,6.14,8600
04/03/2007,5.87,6.51,5.79,6.43,25200
04/02/2007,5.81,5.9,5.73,5.79,2200
03/30/2007,6.04,6.04,5.9,5.97,3000
03/29/2007,6,6.14,5.87,6.02,6700
03/28/2007,6.1,6.1,5.8,5.98,10000
03/27/2007,6.01,6.3,5.71,6.09,33600
03/26/2007,5.42,5.6,5.42,5.54,7300
03/23/2007,5.29,5.4399,5.24,5.38,7900
03/22/2007,5.05,5.44,5.05,5.28,38000
03/21/2007,5.35,5.4,5.3101,5.3101,2500
03/20/2007,5.31,5.4,5.21,5.35,5000
03/19/2007,5.15,5.4,5,5.3,16100
03/16/2007,5.37,5.417,5.3001,5.3001,3400
03/15/2007,5.0999,5.35,5.0999,5.35,5500
03/14/2007,5,5.01,4.97,5.01,6100
03/13/2007,5.15,5.35,4.8,5.01,22800
03/12/2007,5.1,5.38,5,5.38,19900
03/09/2007,5.01,5.2,4.92,5.1,12700
03/08/2007,4.85,5.14,4.85,5.001,9600
03/07/2007,5.0499,5.15,4.8101,5.15,9600
03/06/2007,4.95,5.15,4.8,4.94,11100
03/05/2007,5.29,5.29,4.9,4.9,24801
03/02/2007,5.5,5.9,5.09,5.307,25000
03/01/2007,5.7,5.7,5.3,5.6,13800
02/28/2007,5.85,5.8799,5.611,5.7301,3700
02/27/2007,5.94,6.25,5.4,5.84,24800
02/26/2007,6,6.2,5.9,6.09,7000
02/23/2007,5.92,6.15,5.89,6,9800
02/22/2007,5.72,6,5.65,5.9,6700
02/21/2007,5.89,6.08,5.8,5.9,3700
02/20/2007,6.25,6.25,5.81,6,6500
02/16/2007,6.02,6.4,6,6.171,6000
02/15/2007,5.9899,6.06,5.8801,6,12600
02/14/2007,5.95,6.24,5.95,6.1336,17000
02/13/2007,5.8,6.42,5.7,6.205,38228
02/12/2007,5.6,5.8,5.6,5.77,6000
02/09/2007,5.58,5.9,5.58,5.6,12800
02/08/2007,5.53,5.6,5.53,5.53,5900
02/07/2007,5.52,5.6392,5.52,5.59,4800
02/06/2007,5.6,5.7,5.5,5.53,14200
02/05/2007,5.72,5.75,5.7,5.7,2000
02/02/2007,5.81,5.85,5.8,5.85,500
02/01/2007,5.73,5.9899,5.73,5.889,14200
01/31/2007,5.65,5.7899,5.55,5.7899,5300
01/30/2007,5.37,5.69,5.369,5.65,21000
01/29/2007,5.4,5.4,5.3,5.39,3200
01/26/2007,5.5,5.5,5.5,5.5,00
01/25/2007,5.48,5.51,5.18,5.5,7700
01/24/2007,5.15,5.56,5.15,5.55,3900
01/23/2007,5.39,5.57,5.36,5.39,6500
01/22/2007,5.3,5.32,5.15,5.32,8500
01/19/2007,4.95,5.26,4.95,5.2157,16500
01/18/2007,5.35,5.3899,4.87,5.24,32100
01/17/2007,5.7001,5.7601,5.41,5.6299,20400
01/16/2007,6,6.2,5.76,5.76,9100
01/12/2007,6.04,6.04,5.76,5.93,8200
01/11/2007,5.75,6.15,5.5501,5.7768,32500
01/10/2007,5.29,6,5.2899,5.81,43500
01/09/2007,5.12,5.34,5.12,5.3025,3200
01/08/2007,5.58,5.58,5.1,5.18,4800
01/05/2007,5.25,5.5,5.25,5.49,23100
01/04/2007,5.16,5.2,5.06,5.18,11000
01/03/2007,5.4,5.4,5.1901,5.32,21400
12/29/2006,5.75,5.8,5.5101,5.7,16700
12/28/2006,5.1,5.85,5.09,5.85,41100
12/27/2006,5.1,5.45,5.041,5.1699,20600
12/26/2006,4.95,5.225,4.95,5.02,17900
12/22/2006,5.05,5.1899,4.85,5.1899,26100
12/21/2006,5.35,5.35,5.13,5.149,12700
12/20/2006,5.4,5.7099,5.18,5.2779,20200
12/19/2006,5.32,5.45,5.06,5.35,49900
12/18/2006,5.36,5.4499,5.36,5.36,12300
12/15/2006,5.7,5.7499,5.3,5.357,20900
12/14/2006,5.48,5.9,5.22,5.83,51400
12/13/2006,5.7,5.8999,5.17,5.4799,107900
12/12/2006,6.35,6.35,5.5601,5.7,90400
12/11/2006,6.6,6.6,6.09,6.3,65000
12/08/2006,6.9,7,6.14,6.2,120800
12/07/2006,7.11,7.27,6.64,7.11,86800
12/06/2006,6.11,7.45,5.8,7.13,264900
12/05/2006,6.9,7.5,6.43,6.67,529200
12/04/2006,4.6,6.1294,4.35,6,176300
12/01/2006,4.34,4.67,4.33,4.6,30900
11/30/2006,4.28,4.45,4.24,4.24,9400
11/29/2006,4.48,4.48,4.25,4.3,6100
11/28/2006,4.11,4.66,3.88,4.49,84000
11/27/2006,4.13,4.13,4.11,4.12,35600
11/24/2006,4.25,4.25,4.13,4.13,1300
11/22/2006,4.44,4.46,4.27,4.27,30400
11/21/2006,4.46,4.46,4.26,4.44,20000
11/20/2006,4.4,4.54,4,4.23,54900
11/17/2006,4.16,4.51,4.05,4.44,20900
11/16/2006,4.5,4.77,4.01,4.44,59400
11/15/2006,3.4,5.19,3.4,4.38,198700
11/14/2006,3.22,3.22,3.22,3.22,300
11/13/2006,3.27,3.27,3.22,3.22,1600
11/10/2006,3.14,3.14,3.01,3.09,400
11/09/2006,3.3,3.3,3.3,3.3,200
11/08/2006,2.85,3.25,2.22,3.16,62800
11/07/2006,3.1,3.1864,3.1,3.13,32100
11/06/2006,3.1,3.19,3.1,3.19,1000
11/03/2006,3.2,3.2,3.2,3.2,00
11/02/2006,3.25,3.25,3.2,3.2,700
11/01/2006,3.31,3.34,3.31,3.33,2500
10/31/2006,3.42,3.42,3.35,3.35,1000
10/30/2006,3.41,3.41,3.305,3.305,1600
10/27/2006,3.37,3.37,3.37,3.37,200
10/26/2006,3.38,3.38,3.38,3.38,00
10/25/2006,3.37,3.38,3.37,3.38,700
10/24/2006,3.26,3.35,3.26,3.35,31600
10/23/2006,3.29,3.3,3.29,3.3,2600
10/20/2006,3.35,3.35,3.35,3.35,18000
10/19/2006,3.35,3.4,3.27,3.4,2000
10/18/2006,3.3399,3.3401,3.3399,3.3401,2700
10/17/2006,3.39,3.39,3.35,3.35,900
10/16/2006,3.3499,3.3499,3.3499,3.3499,1000
10/13/2006,3.3,3.3501,3.2,3.35,20700
10/12/2006,3.29,3.29,3.2001,3.2699,2600
10/11/2006,3.3,3.3,3.3,3.3,00
10/10/2006,3.4,3.4,3.22,3.3,14100
10/09/2006,3.4,3.45,3.25,3.33,7400
10/06/2006,3.5,3.5,3.48,3.488,500
10/05/2006,3.5001,3.67,3.5001,3.57,3000
10/04/2006,3.5,3.62,3.5,3.545,2400
10/03/2006,3.44,3.44,3.44,3.44,00
10/02/2006,3.44,3.44,3.44,3.44,00
09/29/2006,3.44,3.44,3.44,3.44,500
09/28/2006,3.4,3.45,3.35,3.38,11000
09/27/2006,3.35,3.5499,3.35,3.5401,3100
09/26/2006,2.98,3.35,2.98,3.32,6000
09/25/2006,3.27,3.35,3,3.0899,8800
09/22/2006,3.26,3.26,3.26,3.26,200
09/21/2006,3.4,3.4,3.11,3.3,5700
09/20/2006,3.79,3.9,3.49,3.5,12900
09/19/2006,3.45,3.75,3.45,3.69,24700
09/18/2006,3.29,3.38,3.29,3.34,6400
09/15/2006,3.05,3.29,3.05,3.1,87800
09/14/2006,2.98,3.15,2.97,3.04,16700
09/13/2006,2.65,2.98,2.53,2.93,7800
09/12/2006,2.61,2.6899,2.6,2.6899,2200
09/11/2006,2.56,2.7,2.56,2.65,1300
09/08/2006,2.65,2.65,2.62,2.65,1200
09/07/2006,2.76,2.76,2.66,2.7,2000
09/06/2006,2.83,2.83,2.81,2.81,900
09/05/2006,2.99,2.99,2.8,2.8101,16000
09/01/2006,3.02,3.08,3,3.08,28100
08/31/2006,3.18,3.25,3.08,3.08,4300
08/30/2006,2.9,3.3,2.9,3.08,16800
08/29/2006,2.4,2.84,2.4,2.71,16100
08/28/2006,2.45,2.45,2.3,2.3,8100
08/25/2006,2.48,2.5,2.45,2.45,1300
08/24/2006,2.45,2.4501,2.45,2.45,2900
08/23/2006,2.5,2.5,2.45,2.45,700
08/22/2006,2.42,2.49,2.42,2.49,2400
08/21/2006,2.4,2.4,2.4,2.4,3100
08/18/2006,2.3,2.3001,2.3,2.3001,3200
08/17/2006,2.32,2.38,2.2899,2.2899,2900
08/16/2006,2.3,2.3,2.15,2.3,4600
08/15/2006,2.24,2.26,2.15,2.25,16600
08/14/2006,2.51,2.51,2.15,2.31,15100
08/11/2006,2.66,2.66,2.51,2.51,3600
08/10/2006,2.7,2.7,2.7,2.7,200
08/09/2006,2.8,2.85,2.7,2.7,11800
08/08/2006,2.79,2.8,2.79,2.8,2400
08/07/2006,2.8,2.8,2.8,2.8,00
08/04/2006,2.75,2.8,2.72,2.8,900
08/03/2006,2.72,2.72,2.72,2.72,00
08/02/2006,2.72,2.72,2.72,2.72,200
08/01/2006,2.8,2.8,2.8,2.8,400
07/31/2006,2.81,2.83,2.81,2.83,1000
07/28/2006,2.81,2.81,2.81,2.81,800
07/27/2006,2.79,2.9499,2.79,2.85,9000
07/26/2006,2.8,2.8,2.76,2.76,400
07/25/2006,2.8,2.85,2.75,2.85,3000
07/24/2006,2.55,2.78,2.55,2.72,5300
07/21/2006,2.66,2.66,2.55,2.6,2000
07/20/2006,2.74,2.74,2.65,2.65,1100
07/19/2006,2.8,2.8,2.8,2.8,1600
07/18/2006,2.79,2.79,2.65,2.67,800
07/17/2006,2.72,2.72,2.6778,2.6778,1000
07/14/2006,2.7,2.7899,2.65,2.7,1900
07/13/2006,2.8,2.8,2.72,2.75,1900
07/12/2006,2.72,2.79,2.72,2.79,500
07/11/2006,2.85,2.85,2.7301,2.79,5900
07/10/2006,2.81,2.82,2.81,2.82,500
07/07/2006,2.85,2.85,2.85,2.85,100
07/06/2006,2.86,2.88,2.84,2.88,2600
07/05/2006,2.85,2.87,2.81,2.87,7200
07/03/2006,2.8,2.87,2.72,2.82,10500
06/30/2006,2.84,2.84,2.84,2.84,900
06/29/2006,2.8,2.9,2.8,2.87,6400
06/28/2006,2.95,2.96,2.74,2.8,8500
06/27/2006,3,3,2.95,2.95,4000
06/26/2006,3.01,3.05,3,3.05,4400
06/23/2006,3.01,3.01,3,3,1000
06/22/2006,3.1,3.1,3,3,6200
06/21/2006,3.15,3.15,3.15,3.15,300
06/20/2006,3.09,3.09,3.09,3.09,1000
06/19/2006,2.95,3,2.89,3,14300
06/16/2006,3.09,3.09,2.95,3,4100
06/15/2006,3.1,3.12,3.01,3.06,5300
06/14/2006,3.1,3.11,3,3.08,2700
06/13/2006,3.06,3.16,3.01,3.08,7400
06/12/2006,3.37,3.37,3.15,3.15,4400
06/09/2006,3.57,3.6,3.23,3.45,10600
06/08/2006,3.47,3.5,3.41,3.5,2500
06/07/2006,3.47,3.53,3.47,3.53,40700
06/06/2006,3.6,3.6,3.45,3.48,5400
06/05/2006,3.58,3.6,3.51,3.51,900
06/02/2006,3.4,3.5,3.4,3.5,28400
06/01/2006,3.75,3.75,3.74,3.74,600
05/31/2006,3.75,3.75,3.75,3.75,00
05/30/2006,3.7301,3.8,3.7301,3.75,1900
05/26/2006,3.84,3.84,3.7,3.775,2400
05/25/2006,3.9,3.9,3.8762,3.8762,2200
05/24/2006,4,4,3.86,3.89,3900
05/23/2006,3.8,4.15,3.7,4.15,57600
05/22/2006,3.8,3.8,3.7,3.79,2400
05/19/2006,3.46,3.85,3.4,3.81,15400
05/18/2006,3.67,3.7,3.37,3.5,70700
05/17/2006,3.75,3.75,3.52,3.72,36400
05/16/2006,3.9,3.98,3.7,3.7325,11500
05/15/2006,3.94,4.03,3.93,3.93,3700
05/12/2006,4.0001,4.01,3.91,3.9601,7000
05/11/2006,4.04,4.04,4.04,4.04,00
05/10/2006,4.04,4.04,4.04,4.04,00
05/09/2006,4.02,4.04,4.01,4.04,1800
05/08/2006,4.12,4.12,4.12,4.12,100
05/05/2006,4.05,4.24,4.05,4.22,8500
05/04/2006,4.12,4.13,4.12,4.13,2400
05/03/2006,4.13,4.1599,4.1,4.1,28600
05/02/2006,4.17,4.2,4.16,4.17,3200
05/01/2006,4.16,4.2,4.16,4.17,1900
04/28/2006,4,4.16,4,4.16,3400
04/27/2006,4.07,4.0801,4,4.08,9100
04/26/2006,3.97,4.05,3.95,4.05,6100
04/25/2006,3.93,4.01,3.93,4.01,2000
04/24/2006,3.9,3.94,3.9,3.94,3600
04/21/2006,3.85,3.89,3.85,3.89,3400
04/20/2006,3.75,3.9,3.75,3.9,2200
04/19/2006,3.87,3.87,3.87,3.87,00
04/18/2006,3.7,3.99,3.69,3.87,3900
04/17/2006,3.78,3.85,3.7,3.75,7500
04/13/2006,3.9,3.9,3.67,3.88,13900
04/12/2006,3.9,3.989,3.9,3.9,2700
04/11/2006,3.91,3.95,3.9,3.91,3200
04/10/2006,3.9,3.9,3.9,3.9,1100
04/07/2006,3.9,3.95,3.9,3.94,1300
04/06/2006,4,4,3.85,3.95,10300
04/05/2006,4.03,4.13,4.03,4.03,2100
04/04/2006,4.28,4.3,3.85,4.07,17900
04/03/2006,3.9,4.34,3.9,4.1,25000
03/31/2006,3.81,3.91,3.81,3.91,1600
03/30/2006,3.95,3.95,3.79,3.86,3300
03/29/2006,3.95,3.96,3.9,3.95,3500
03/28/2006,3.9,3.9,3.9,3.9,300
03/27/2006,3.8,3.86,3.8,3.86,2300
03/24/2006,3.6,3.79,3.6,3.79,1000
03/23/2006,3.76,3.76,3.6,3.75,3600
03/22/2006,3.8,3.85,3.8,3.8,1000
03/21/2006,3.96,3.96,3.96,3.96,1300
03/20/2006,3.96,3.97,3.96,3.97,300
03/17/2006,3.95,3.96,3.95,3.96,1100
03/16/2006,3.98,4,3.906,3.95,4100
03/15/2006,3.97,4,3.97,3.9801,3900
03/14/2006,3.9,3.99,3.9,3.99,500
03/13/2006,3.91,3.91,3.85,3.85,1100
03/10/2006,3.86,3.95,3.86,3.95,1100
03/09/2006,3.78,3.85,3.78,3.85,900
03/08/2006,3.9,3.91,3.75,3.8,5900
03/07/2006,3.82,4,3.82,4,6800
03/06/2006,3.9,3.9,3.8,3.86,3400
03/03/2006,3.87,3.95,3.87,3.95,600
03/02/2006,3.9,4.0172,3.9,4.0172,400
03/01/2006,4.04,4.05,3.7427,3.91,1400
02/28/2006,4.07,4.07,4.07,4.07,500
02/27/2006,3.98,4.09,3.98,4.09,11200
02/24/2006,3.96,3.96,3.95,3.95,2500
02/23/2006,4.01,4.09,3.96,4.08,7400
02/22/2006,3.95,4.01,3.95,4.01,2600
02/21/2006,4,4.09,3.96,3.96,5400
02/17/2006,3.82,3.91,3.77,3.91,3300
02/16/2006,3.77,3.81,3.77,3.8,400
02/15/2006,3.88,3.92,3.73,3.78,12900
02/14/2006,3.94,3.961,3.94,3.961,1200
02/13/2006,3.88,3.88,3.7,3.75,5600
02/10/2006,3.95,3.95,3.6,3.8,8200
02/09/2006,3.95,4.1,3.9101,4.1,5600
02/08/2006,3.91,3.98,3.9,3.91,1400
02/07/2006,3.99,3.99,3.95,3.95,23300
02/06/2006,3.75,3.95,3.75,3.95,2300
02/03/2006,3.75,3.75,3.74,3.74,300
02/02/2006,3.69,3.69,3.66,3.66,4300
02/01/2006,3.7,3.71,3.55,3.62,2900
01/31/2006,3.8,3.8,3.7501,3.76,3700
01/30/2006,3.75,3.7604,3.75,3.75,3700
01/27/2006,3.82,3.82,3.72,3.79,2200
01/26/2006,3.84,3.99,3.7,3.8,4000
01/25/2006,3.52,3.84,3.52,3.69,17000
01/24/2006,4.29,4.47,3.91,4,25400
01/23/2006,4.11,4.23,3.9,4.2,181300
01/20/2006,4.02,4.21,3.95,4.1,75900
01/19/2006,3.75,4.01,3.75,4.01,12200
01/18/2006,3.9,3.9,3.8,3.83,7000
01/17/2006,4,4.06,3.86,3.95,12300
01/13/2006,3.95,3.95,3.8101,3.94,2500
01/12/2006,3.94,3.99,3.75,3.98,13600
01/11/2006,4.15,4.15,3.87,3.99,13600
01/10/2006,4.08,4.21,3.65,4.21,20900
01/09/2006,3.85,4.15,3.85,4.08,46000
01/06/2006,3.2,3.95,3.2,3.75,66500
01/05/2006,2.75,3.25,2.75,3.21,24900
01/04/2006,2.95,2.95,2.8,2.8,2200
01/03/2006,2.95,2.95,2.91,2.91,1900
12/30/2005,2.9,3,2.89,2.91,6000
12/29/2005,2.8,2.9,2.8,2.9,3200
12/28/2005,2.8,2.8,2.78,2.79,2200
12/27/2005,2.75,2.93,2.75,2.8,5400
12/23/2005,2.83,2.87,2.73,2.75,7000
12/22/2005,2.85,2.85,2.83,2.83,900
12/21/2005,2.85,2.85,2.85,2.85,300
12/20/2005,2.92,2.92,2.92,2.92,300
12/19/2005,2.75,2.84,2.7301,2.8,3000
12/16/2005,2.9,2.9,2.78,2.8199,4300
12/15/2005,2.87,2.9,2.87,2.9,600
12/14/2005,2.88,2.9,2.88,2.9,2100
12/13/2005,2.88,2.88,2.88,2.88,400
12/12/2005,2.9,2.9299,2.9,2.9,4500
12/09/2005,2.87,2.92,2.72,2.85,4200
12/08/2005,2.9,2.93,2.9,2.91,2400
12/07/2005,2.95,2.9501,2.9,2.9,3200
12/06/2005,2.76,2.95,2.76,2.9,4100
12/05/2005,2.79,2.79,2.66,2.72,28100
12/02/2005,2.99,2.99,2.81,2.82,15600
12/01/2005,3.05,3.1312,2.9,3,20700
11/30/2005,3.18,3.29,3.1,3.15,14900
11/29/2005,3.18,3.18,3.18,3.18,500
11/28/2005,3.14,3.2,3.06,3.18,12000
11/25/2005,3.15,3.24,3.15,3.24,6000
11/23/2005,3.32,3.32,3.25,3.25,3500
11/22/2005,3.21,3.4,3.21,3.35,8400
11/21/2005,3.15,3.28,3.15,3.2,3500
11/18/2005,3.15,3.24,3.15,3.2,21500
11/17/2005,3.2,3.27,3.16,3.24,4100
11/16/2005,3.25,3.4299,3.14,3.28,54400
11/15/2005,3.6,3.6,3.12,3.2,83600
11/14/2005,4.44,4.75,4,4,46100
11/11/2005,4.6,4.7,4.52,4.52,20800
11/10/2005,4.6,4.62,4.21,4.6,23400
11/09/2005,4.3,4.7,4.3,4.6,66800
11/08/2005,4.03,4.31,4.03,4.25,15300
11/07/2005,4,4.1,3.99,4.1,12400
11/04/2005,4.02,4.3,3.96,4,35900
11/03/2005,4.15,4.15,4,4,5400
11/02/2005,3.8,4.19,3.8,4.04,26700
11/01/2005,3.63,3.95,3.63,3.8,18200
10/31/2005,3.6,3.64,3.58,3.621,13200
10/28/2005,3.6,3.6,3.5,3.6,9600
10/27/2005,3.65,3.65,3.61,3.64,2200
10/26/2005,3.69,3.7099,3.69,3.69,3200
10/25/2005,3.6,3.6001,3.6,3.6001,1000
10/24/2005,3.5,3.74,3.5,3.6,5900
10/21/2005,3.51,3.5899,3.46,3.5,8800
10/20/2005,3.5,3.51,3.5,3.5,7800
10/19/2005,3.4,3.5,3.36,3.5,13900
10/18/2005,3.45,3.49,3.41,3.41,1200
10/17/2005,3.45,3.49,3.45,3.46,5900
10/14/2005,3.53,3.56,3.43,3.56,3800
10/13/2005,3.62,3.68,3.47,3.489,6700
10/12/2005,3.73,3.764,3.55,3.55,8300
10/11/2005,3.88,3.88,3.72,3.728,8200
10/10/2005,4,4.05,3.87,3.87,14800
10/07/2005,3.89,4,3.861,3.99,35600
10/06/2005,4.3,4.41,3.85,3.85,21000
10/05/2005,3.8,4.35,3.74,4.29,29500
10/04/2005,3.55,3.8,3.55,3.73,12000
10/03/2005,3.75,3.76,3.55,3.55,15400
09/30/2005,3.59,3.76,3.59,3.76,3700
09/29/2005,3.58,3.58,3.45,3.51,7400
09/28/2005,3.6,3.63,3.59,3.59,2800
09/27/2005,3.69,3.69,3.67,3.67,3700
09/26/2005,3.53,3.68,3.53,3.67,6400
09/23/2005,3.53,3.58,3.45,3.56,5300
09/22/2005,3.6,3.61,3.55,3.6,25100
09/21/2005,3.69,3.69,3.6,3.64,4000
09/20/2005,3.67,3.68,3.67,3.68,1200
09/19/2005,3.7,3.75,3.6,3.6,12200
09/16/2005,4.02,4.02,3.65,3.67,27800
09/15/2005,4,4.1,3.96,4.03,5300
09/14/2005,4.15,4.17,4.05,4.1,11800
09/13/2005,4.1,4.18,4.06,4.1,3800
09/12/2005,3.94,4.2,3.91,4.08,27900
09/09/2005,3.6,3.84,3.55,3.84,17000
09/08/2005,3.7,3.72,3.51,3.59,14500
09/07/2005,3.45,3.68,3.45,3.68,11400
09/06/2005,3.5,3.5,3.41,3.45,26000
09/02/2005,3.55,3.57,3.51,3.57,1900
09/01/2005,3.55,3.55,3.5,3.53,13100
08/31/2005,3.75,3.75,3.5,3.55,12100
08/30/2005,3.58,3.74,3.58,3.74,28900
08/29/2005,3.59,3.63,3.51,3.58,18700
08/26/2005,3.7,3.73,3.65,3.67,17000
08/25/2005,3.35,3.83,3.35,3.768,56200
08/24/2005,3.85,3.9,3.59,3.63,40700
08/23/2005,4.09,4.09,3.8,3.85,32300
08/22/2005,4.08,4.1,4.05,4.09,16500
08/19/2005,3.94,4.1,3.94,4.07,17400
08/18/2005,4.24,4.24,3.87,3.94,64400
08/17/2005,4.33,4.39,4.25,4.25,13300
08/16/2005,4.16,4.36,4.1,4.3,57900
08/15/2005,3.96,4.5,3.96,4.16,96100
08/12/2005,4.3,5.08,3.86,3.95,334700
08/11/2005,3.34,3.34,3.3,3.32,8700
08/10/2005,3.15,3.38,3.15,3.2715,26900
08/09/2005,2.96,3.13,2.96,3.13,16900
08/08/2005,3,3.03,2.95,2.95,19400
08/05/2005,3.07,3.23,3.06,3.06,31700
08/04/2005,3.05,3.08,3.05,3.08,9200
08/03/2005,3.34,3.34,2.98,3.06,34000
08/02/2005,3.31,3.43,3.22,3.31,7800
08/01/2005,3.08,3.57,3.08,3.28,52700
07/29/2005,3.11,3.18,2.93,3.05,48100
07/28/2005,3.19,3.19,3.11,3.17,10300
07/27/2005,3.09,3.21,3.04,3.19,16900
07/26/2005,3.45,3.49,3.09,3.14,52200
07/25/2005,3.32,3.76,3.32,3.42,140500
07/22/2005,2.85,3.35,2.85,3.31,91100
07/21/2005,2.81,2.95,2.76,2.83,53200
07/20/2005,3.2,3.2,2.752,2.81,116900
07/19/2005,3.41,3.88,2.95,3,341200
07/18/2005,2.35,3.46,2.3,3.46,467900
07/15/2005,2.1,2.19,2.06,2.06,14000
07/14/2005,2.1,2.1,2.05,2.09,19200
07/13/2005,2.14,2.14,2.0015,2.1,5600
07/12/2005,2.17,2.23,2.1,2.15,15300
07/11/2005,1.9,2.2,1.9,2.15,36000
07/08/2005,1.89,1.95,1.83,1.91,11800
07/07/2005,2.01,2.01,1.81,1.9,40300
07/06/2005,2.1,2.1,1.96,2.03,10300
07/05/2005,2,2.1,2,2.1,20300
07/01/2005,2.06,2.1,2.02,2.03,10800
06/30/2005,2.08,2.1,2.02,2.08,17200
06/29/2005,2.15,2.15,2.1,2.1,8200
06/28/2005,2.1,2.25,2.1,2.23,19000
06/27/2005,2.13,2.2,2.1,2.14,20200
06/24/2005,2.15,2.25,2.15,2.21,6300
06/23/2005,2.25,2.32,2.2,2.2,16400
06/22/2005,2.29,2.38,2.14,2.18,22600
06/21/2005,2.1,2.34,2.1,2.19,54200
06/20/2005,2.05,2.21,2,2.13,13700
06/17/2005,2.03,2.15,2.03,2.04,8300
06/16/2005,2.22,2.22,2,2.13,25800
06/15/2005,2.36,2.36,2.12,2.26,20200
06/14/2005,2.1,2.45,2.1,2.2,68400
06/13/2005,2.09,2.09,2,2.06,14000
06/10/2005,2.17,2.17,1.99,2.1,29500
06/09/2005,2.2,2.25,2.05,2.1,48500
06/08/2005,2.3,2.31,2.25,2.28,11900
06/07/2005,2.24,2.3,2.15,2.27,24100
06/06/2005,2.45,2.49,2.21,2.24,27400
06/03/2005,2.3,2.69,2.3,2.4,35500
06/02/2005,2.25,2.3,2.2,2.3,12700
06/01/2005,2.279,2.28,2.07,2.22,32900
05/31/2005,2.3,2.3,2.11,2.2,19800
05/27/2005,2.33,2.34,2.31,2.31,8700
05/26/2005,2.24,2.4,2.2,2.37,39000
05/25/2005,2.15,2.24,2.1,2.24,27600
05/24/2005,2.15,2.17,1.95,2.1,44800
05/23/2005,2.3,2.33,2.12,2.18,28100
05/20/2005,2.32,2.36,2.28,2.33,6300
05/19/2005,2.16,2.41,2.16,2.34,59900
05/18/2005,2.22,2.25,2.06,2.11,56300
05/17/2005,2.3,2.3,2.1,2.25,135100
05/16/2005,3.06,3.06,2.11,2.39,268000
05/13/2005,3.25,3.55,3.15,3.16,25400
05/12/2005,3.38,3.38,3.14,3.16,12200
